,0,1,2,3,4,5,6,7,8,9,10,11,12,13,14
0,0.0538,0.0597,0.0733,0.0561,0.0828,0.1486,0.175,0.1901,0.1731,0.1471,0.1181,0.0652,0.54427296,-0.23361452,1
1,0.0511,0.0579,0.0705,0.0552,0.0795,0.137,0.1653,0.178,0.1701,0.1398,0.1177,0.0672,0.52658665,-0.2039229,1
2,0.0508,0.0591,0.069,0.0548,0.0798,0.1528,0.1739,0.1817,0.1822,0.1611,0.1127,0.0597,0.5365751,-0.23437501,1
3,0.0508,0.0581,0.068,0.0525,0.0798,0.1528,0.1739,0.1619,0.1822,0.1611,0.1127,0.0597,0.5102612,-0.1791697,1
4,0.0494,0.0544,0.0642,0.053,0.0748,0.132,0.1521,0.1461,0.165,0.1597,0.1082,0.06,0.46760422,-0.14903657,1
5,0.0494,0.0544,0.0642,0.053,0.0748,0.132,0.1521,0.1461,0.165,0.1597,0.1082,0.06,0.46760422,-0.14903657,1
6,0.0508,0.0597,0.0684,0.057,0.0795,0.1481,0.1742,0.1984,0.186,0.1611,0.1147,0.064,0.5536414,-0.26732677,1
7,0.0508,0.0591,0.0694,0.0529,0.0798,0.1528,0.1739,0.2112,0.1822,0.1611,0.1127,0.0597,0.59939414,-0.3041062,1
8,0.0508,0.0583,0.0664,0.0542,0.0798,0.1528,0.1739,0.1983,0.1822,0.1611,0.1127,0.0597,0.5706931,-0.27524117,1
9,0.0494,0.0554,0.0634,0.0538,0.0748,0.132,0.1521,0.1672,0.165,0.1597,0.1082,0.06,0.51312214,-0.21423385,1
10,0.0494,0.0554,0.0634,0.0538,0.0748,0.132,0.1521,0.1672,0.165,0.1597,0.1082,0.06,0.51312214,-0.21423385,1
11,0.0494,0.0579,0.067,0.0557,0.0748,0.132,0.1521,0.1556,0.165,0.1597,0.1082,0.06,0.4727875,-0.17968157,1
12,0.0508,0.0574,0.0647,0.0549,0.0735,0.1316,0.1507,0.1557,0.1585,0.1611,0.1029,0.0575,0.47863245,-0.20417634,1
13,0.0508,0.0586,0.0684,0.0561,0.0768,0.1463,0.1694,0.1762,0.1798,0.1611,0.1141,0.0602,0.5170039,-0.21391664,1
14,0.0508,0.0559,0.0685,0.0562,0.0768,0.1463,0.1694,0.1885,0.1798,0.1611,0.1141,0.0602,0.54066205,-0.24586913,1
15,0.0508,0.0551,0.0662,0.0526,0.0765,0.1489,0.1676,0.1669,0.1873,0.1611,0.1118,0.061,0.52072895,-0.1977036,1
16,0.0508,0.0532,0.0641,0.0537,0.0765,0.1489,0.1676,0.1782,0.1873,0.1611,0.1118,0.061,0.53686935,-0.22896554,1
17,0.0494,0.0544,0.0638,0.0524,0.0756,0.1428,0.1645,0.1805,0.1749,0.1597,0.1079,0.0585,0.55002147,-0.2517337,1
18,0.0494,0.0544,0.0638,0.0524,0.0756,0.1428,0.1645,0.1805,0.1749,0.1597,0.1079,0.0585,0.55002147,-0.2517337,1
19,0.0494,0.0593,0.0658,0.0525,0.0756,0.1428,0.1645,0.1685,0.1749,0.1597,0.1079,0.0585,0.5248869,-0.21924748,1
20,0.0494,0.0563,0.0638,0.0548,0.0759,0.1384,0.1599,0.149,0.17,0.1597,0.1091,0.0575,0.46221787,-0.15459126,1
21,0.0508,0.0571,0.0667,0.0526,0.0765,0.1489,0.1676,0.1735,0.1873,0.1611,0.1118,0.061,0.53471917,-0.21626359,1
22,0.0508,0.0554,0.0654,0.0511,0.0765,0.1489,0.1676,0.171,0.1873,0.1611,0.1118,0.061,0.5398469,-0.20933522,1
23,0.0494,0.0554,0.0645,0.0498,0.0756,0.1428,0.1645,0.1772,0.1749,0.1597,0.1079,0.0585,0.56123346,-0.24307261,1
24,0.0494,0.0542,0.0674,0.0526,0.0756,0.1428,0.1645,0.1742,0.1749,0.1597,0.1079,0.0585,0.5361552,-0.23502304,1
25,0.0494,0.0542,0.0674,0.0526,0.0756,0.1428,0.1645,0.1742,0.1749,0.1597,0.1079,0.0585,0.5361552,-0.23502304,1
26,0.0494,0.0521,0.0652,0.0535,0.0759,0.1384,0.1599,0.1705,0.17,0.1597,0.1091,0.0575,0.5223214,-0.21959943,1
27,0.0494,0.0527,0.0657,0.0539,0.0759,0.1384,0.1599,0.1727,0.17,0.1597,0.1091,0.0575,0.52427185,-0.22569199,1
28,0.0567,0.0573,0.0686,0.0597,0.0884,0.15,0.1654,0.1688,0.179,0.1432,0.1198,0.0682,0.4774617,-0.16978516,1
29,0.0567,0.0585,0.0778,0.0624,0.0884,0.15,0.1654,0.181,0.179,0.1432,0.1198,0.0682,0.48726377,-0.20345743,1
30,0.0536,0.0616,0.077,0.062,0.0917,0.1597,0.1839,0.1872,0.1926,0.1715,0.1257,0.072,0.5024077,-0.19654842,1
31,0.0536,0.0629,0.0721,0.0625,0.0917,0.1597,0.1839,0.1919,0.1926,0.1715,0.1257,0.072,0.5086478,-0.20843829,1
32,0.0536,0.0629,0.0721,0.0625,0.0917,0.1597,0.1839,0.1919,0.1926,0.1715,0.1257,0.072,0.5086478,-0.20843829,1
33,0.0536,0.0601,0.0728,0.0622,0.0917,0.1615,0.1807,0.1938,0.2005,0.1715,0.1251,0.0714,0.5140625,-0.21542804,1
34,0.0536,0.0585,0.0762,0.0625,0.0917,0.1615,0.1807,0.21,0.2005,0.1715,0.1251,0.0714,0.5412844,-0.25335717,1
35,0.0536,0.0592,0.0765,0.0631,0.0921,0.1533,0.1745,0.2054,0.1964,0.1715,0.1233,0.0746,0.5299814,-0.24977183,1
36,0.0536,0.0602,0.0765,0.0627,0.0921,0.1533,0.1745,0.176,0.1964,0.1715,0.1233,0.0746,0.47465435,-0.17607751,1
37,0.0551,0.0625,0.0762,0.067,0.0901,0.1542,0.1841,0.1804,0.1774,0.1864,0.1252,0.0786,0.45836702,-0.18062826,1
38,0.0551,0.0602,0.0752,0.0619,0.0901,0.1542,0.1841,0.2218,0.1774,0.1864,0.1252,0.0786,0.56362355,-0.27838615,1
39,0.0551,0.0618,0.0789,0.0705,0.1002,0.1533,0.1769,0.213,0.1869,0.1864,0.1273,0.0837,0.5026455,-0.25183663,1
40,0.0494,0.0531,0.0654,0.0526,0.0783,0.1638,0.1909,0.2281,0.2151,0.1597,0.1164,0.0642,0.6252227,-0.324238,1
41,0.0494,0.0554,0.067,0.0552,0.0783,0.1638,0.1909,0.1922,0.2151,0.1597,0.1164,0.0642,0.5537591,-0.2456254,1
42,0.0494,0.0569,0.0677,0.0578,0.073,0.1302,0.1463,0.1583,0.1606,0.1597,0.11,0.0685,0.46506247,-0.18002236,1
43,0.0567,0.0633,0.0735,0.0643,0.0884,0.15,0.1654,0.1819,0.179,0.1432,0.1198,0.0682,0.47766042,-0.20583358,1
44,0.0567,0.0602,0.0753,0.065,0.0884,0.15,0.1654,0.1872,0.179,0.1432,0.1198,0.0682,0.48453608,-0.21954395,1
45,0.0536,0.0614,0.0752,0.0638,0.0917,0.1597,0.1839,0.1958,0.1926,0.1715,0.1257,0.072,0.5084746,-0.21804047,1
46,0.0536,0.0619,0.0727,0.0648,0.0917,0.1597,0.1839,0.1975,0.1926,0.1715,0.1257,0.072,0.50590926,-0.22215348,1
47,0.0536,0.0619,0.0727,0.0648,0.0917,0.1597,0.1839,0.1975,0.1926,0.1715,0.1257,0.072,0.50590926,-0.22215348,1
48,0.0536,0.0589,0.0752,0.065,0.0917,0.1615,0.1807,0.1918,0.2005,0.1715,0.1251,0.0714,0.49376947,-0.21047647,1
49,0.0536,0.06,0.0762,0.0651,0.0917,0.1615,0.1807,0.1982,0.2005,0.1715,0.1251,0.0714,0.50550705,-0.22610578,1
50,0.0536,0.0614,0.0775,0.0641,0.0921,0.1533,0.1745,0.2086,0.1964,0.1715,0.1233,0.0746,0.52988636,-0.25700513,1
51,0.0536,0.06,0.0773,0.0669,0.0921,0.1533,0.1745,0.1738,0.1964,0.1715,0.1233,0.0746,0.44412133,-0.16997646,1
52,0.0551,0.0625,0.0765,0.0698,0.0901,0.1542,0.1841,0.1634,0.1774,0.1864,0.1252,0.0786,0.40137222,-0.1323631,1
53,0.0551,0.065,0.0785,0.0659,0.0901,0.1542,0.1841,0.1707,0.1774,0.1864,0.1252,0.0786,0.4429417,-0.15376815,1
54,0.0551,0.0628,0.0802,0.0705,0.1002,0.1533,0.1769,0.169,0.1869,0.1864,0.1273,0.0837,0.41127348,-0.14073576,1
55,0.0516,0.0533,0.0626,0.0533,0.0733,0.1208,0.1357,0.1465,0.1408,0.146,0.1069,0.0676,0.4664665,-0.15627469,1
56,0.0567,0.0619,0.0718,0.0624,0.0917,0.1513,0.167,0.181,0.1861,0.1432,0.1329,0.0836,0.48726377,-0.1532335,1
57,0.0567,0.0589,0.0749,0.0659,0.0917,0.1513,0.167,0.1816,0.1861,0.1432,0.1329,0.0836,0.46747476,-0.15484898,1
58,0.0536,0.0573,0.0753,0.0634,0.0968,0.1669,0.1978,0.2158,0.2021,0.1715,0.1339,0.0766,0.54584527,-0.23420075,1
59,0.0536,0.0604,0.0766,0.0648,0.0968,0.1669,0.1978,0.2126,0.2021,0.1715,0.1339,0.0766,0.5328046,-0.2271284,1
60,0.0536,0.06,0.0769,0.0688,0.0925,0.1544,0.1804,0.1918,0.1954,0.1715,0.1277,0.0734,0.4719877,-0.20062597,1
61,0.0536,0.06,0.0769,0.0688,0.0925,0.1544,0.1804,0.1918,0.1954,0.1715,0.1277,0.0734,0.4719877,-0.20062597,1
62,0.0536,0.0667,0.0702,0.0661,0.0925,0.1544,0.1804,0.176,0.1954,0.1715,0.1277,0.0734,0.45394465,-0.15903851,1
63,0.0536,0.0616,0.076,0.0688,0.0964,0.1485,0.1629,0.1791,0.1783,0.1715,0.1301,0.0821,0.44493747,-0.1584735,1
64,0.0536,0.0627,0.0795,0.0731,0.0964,0.1485,0.1629,0.1757,0.1783,0.1715,0.1301,0.0821,0.4123794,-0.14911707,1
65,0.0551,0.0593,0.0794,0.0724,0.0985,0.1437,0.1577,0.1715,0.1674,0.1864,0.1315,0.0841,0.40631405,-0.13201317,1
66,0.0551,0.0658,0.0766,0.0685,0.0985,0.1437,0.1577,0.1627,0.1674,0.1864,0.1315,0.0841,0.40743947,-0.106050275,1
67,0.0551,0.0633,0.0759,0.0672,0.0923,0.1339,0.1448,0.1542,0.1593,0.1864,0.1286,0.0843,0.39295396,-0.09052334,1
68,0.0567,0.0646,0.0739,0.065,0.0917,0.1513,0.167,0.1826,0.1861,0.1432,0.1329,0.0836,0.47495964,-0.15752776,1
69,0.0567,0.0627,0.0814,0.0678,0.0917,0.1513,0.167,0.1838,0.1861,0.1432,0.1329,0.0836,0.4610493,-0.16071992,1
70,0.0536,0.0585,0.079,0.0661,0.0968,0.1669,0.1978,0.2042,0.2021,0.1715,0.1339,0.0766,0.5109138,-0.20792665,1
71,0.0536,0.0598,0.0773,0.063,0.0968,0.1669,0.1978,0.2128,0.2021,0.1715,0.1339,0.0766,0.5431472,-0.22757426,1
72,0.0536,0.0627,0.0773,0.0672,0.0925,0.1544,0.1804,0.2014,0.1954,0.1715,0.1277,0.0734,0.4996277,-0.22394408,1
73,0.0536,0.0627,0.0773,0.0672,0.0925,0.1544,0.1804,0.2014,0.1954,0.1715,0.1277,0.0734,0.4996277,-0.22394408,1
74,0.0536,0.0664,0.0775,0.0714,0.0925,0.1544,0.1804,0.1807,0.1954,0.1715,0.1277,0.0734,0.4335581,-0.17185473,1
75,0.0536,0.0614,0.079,0.07,0.0964,0.1485,0.1629,0.1671,0.1783,0.1715,0.1301,0.0821,0.40953183,-0.12449529,1
76,0.0536,0.0661,0.0807,0.0711,0.0964,0.1485,0.1629,0.1802,0.1783,0.1715,0.1301,0.0821,0.43414247,-0.16145666,1
77,0.0551,0.0631,0.0833,0.0744,0.0985,0.1437,0.1577,0.178,0.1674,0.1864,0.1315,0.0841,0.4104596,-0.15024231,1
78,0.0551,0.0628,0.0774,0.0719,0.0985,0.1437,0.1577,0.168,0.1674,0.1864,0.1315,0.0841,0.40058357,-0.12186976,1
79,0.0551,0.0628,0.075,0.0688,0.0923,0.1339,0.1448,0.1571,0.1593,0.1864,0.1286,0.0843,0.3908809,-0.099755004,1
80,0.0527,0.0629,0.0738,0.0661,0.0927,0.1406,0.1534,0.161,0.1694,0.1599,0.1363,0.0928,0.41787758,-0.08308107,1
81,0.0527,0.0614,0.078,0.0726,0.0927,0.1406,0.1534,0.1664,0.1694,0.1599,0.1363,0.0928,0.39246863,-0.0994384,1
82,0.0538,0.061,0.0797,0.072,0.0922,0.1525,0.1691,0.1816,0.1866,0.1596,0.1347,0.0789,0.43217668,-0.14827697,1
83,0.0538,0.0602,0.0756,0.0646,0.0922,0.1525,0.1691,0.2025,0.1866,0.1596,0.1347,0.0789,0.5162861,-0.20106761,1
84,0.0538,0.0602,0.073,0.0602,0.0906,0.1639,0.187,0.2066,0.209,0.1596,0.1266,0.0721,0.54872566,-0.24009603,1
85,0.0538,0.0602,0.073,0.0602,0.0906,0.1639,0.187,0.2066,0.209,0.1596,0.1266,0.0721,0.54872566,-0.24009603,1
86,0.0538,0.0621,0.0762,0.0599,0.0906,0.1639,0.187,0.1991,0.209,0.1596,0.1266,0.0721,0.53745174,-0.2225975,1
87,0.0538,0.0618,0.0772,0.0666,0.0911,0.1518,0.1754,0.1798,0.1882,0.1596,0.129,0.0776,0.45941558,-0.1645078,1
88,0.0538,0.0623,0.0766,0.0677,0.0911,0.1518,0.1754,0.1672,0.1882,0.1596,0.129,0.0776,0.42358452,-0.12896694,1
89,0.0579,0.0637,0.0779,0.0692,0.0958,0.1389,0.1557,0.1594,0.1639,0.1604,0.1358,0.0855,0.3945757,-0.07994579,1
90,0.0579,0.0646,0.0777,0.0695,0.0958,0.1389,0.1557,0.1667,0.1639,0.1604,0.1358,0.0855,0.41151568,-0.102148764,1
91,0.0579,0.0653,0.0772,0.0719,0.0963,0.1347,0.1472,0.1588,0.1623,0.1604,0.1367,0.0911,0.37667966,-0.074788496,1
92,0.0527,0.0627,0.0778,0.0694,0.0927,0.1406,0.1534,0.1594,0.1694,0.1599,0.1363,0.0928,0.39335665,-0.078119725,1
93,0.0527,0.0614,0.0762,0.0688,0.0927,0.1406,0.1534,0.1614,0.1694,0.1599,0.1363,0.0928,0.4022589,-0.084313095,1
94,0.0538,0.061,0.0752,0.0717,0.0922,0.1525,0.1691,0.1669,0.1866,0.1596,0.1347,0.0789,0.39899412,-0.10676391,1
95,0.0538,0.0627,0.0753,0.062,0.0922,0.1525,0.1691,0.1837,0.1866,0.1596,0.1347,0.0789,0.4953195,-0.15389445,1
96,0.0538,0.0579,0.0742,0.0597,0.0906,0.1639,0.187,0.2042,0.209,0.1596,0.1266,0.0721,0.54755586,-0.23458284,1
97,0.0538,0.0579,0.0742,0.0597,0.0906,0.1639,0.187,0.2042,0.209,0.1596,0.1266,0.0721,0.54755586,-0.23458284,1
98,0.0538,0.0587,0.075,0.0611,0.0906,0.1639,0.187,0.2242,0.209,0.1596,0.1266,0.0721,0.57167894,-0.27822122,1
99,0.0538,0.0628,0.0738,0.0631,0.0911,0.1518,0.1754,0.2074,0.1882,0.1596,0.129,0.0776,0.53345656,-0.2330559,1
100,0.0538,0.063,0.0738,0.0678,0.0911,0.1518,0.1754,0.1769,0.1882,0.1596,0.129,0.0776,0.44585207,-0.15658714,1
101,0.0579,0.0609,0.0744,0.0672,0.0958,0.1389,0.1557,0.1584,0.1639,0.1604,0.1358,0.0855,0.40425533,-0.07681847,1
102,0.0579,0.0619,0.0763,0.0706,0.0958,0.1389,0.1557,0.1648,0.1639,0.1604,0.1358,0.0855,0.4001699,-0.096473716,1
103,0.0579,0.0638,0.0797,0.0758,0.0963,0.1347,0.1472,0.1622,0.1623,0.1604,0.1367,0.0911,0.36302522,-0.085312806,1
104,0.0527,0.0614,0.0768,0.0692,0.0939,0.1435,0.1554,0.1684,0.1698,0.1599,0.1411,0.0958,0.41750842,-0.08820678,1
105,0.0527,0.0614,0.076,0.0686,0.0939,0.1435,0.1554,0.1659,0.1698,0.1599,0.1411,0.0958,0.4149254,-0.080781765,1
106,0.0538,0.0583,0.072,0.0697,0.0919,0.1432,0.1589,0.1616,0.1709,0.1596,0.1359,0.0889,0.39731947,-0.08638652,1
107,0.0538,0.0583,0.076,0.0688,0.0919,0.1432,0.1589,0.1682,0.1709,0.1596,0.1359,0.0889,0.41940928,-0.106215045,1
108,0.0538,0.0593,0.0766,0.0692,0.09,0.1586,0.1809,0.1902,0.202,0.1596,0.1271,0.0792,0.46646106,-0.19886541,1
109,0.0538,0.0562,0.0735,0.0622,0.09,0.1586,0.1809,0.2236,0.202,0.1596,0.1271,0.0792,0.5647306,-0.27516395,1
110,0.0538,0.0562,0.0735,0.0622,0.09,0.1586,0.1809,0.2236,0.202,0.1596,0.1271,0.0792,0.5647306,-0.27516395,1
111,0.0538,0.0597,0.0727,0.0601,0.0883,0.1758,0.1976,0.217,0.2122,0.1596,0.1236,0.0703,0.5662216,-0.27422196,1
112,0.0538,0.0615,0.075,0.0625,0.0883,0.1758,0.1976,0.2042,0.2122,0.1596,0.1236,0.0703,0.5313086,-0.24588163,1
113,0.0579,0.0642,0.0764,0.0667,0.092,0.1591,0.1771,0.19,0.1962,0.1604,0.1355,0.0832,0.48032725,-0.1674347,1
114,0.0579,0.0624,0.0766,0.0713,0.092,0.1591,0.1771,0.1644,0.1962,0.1604,0.1355,0.0832,0.39499363,-0.09636545,1
115,0.0579,0.0614,0.0804,0.0726,0.0992,0.1417,0.149,0.161,0.1741,0.1604,0.1487,0.0985,0.37842464,-0.039715853,1
116,0.0527,0.0628,0.0802,0.0736,0.0954,0.1483,0.1677,0.1815,0.1821,0.1599,0.1514,0.1008,0.42297137,-0.09041755,1
117,0.0527,0.0608,0.0752,0.0711,0.0939,0.1435,0.1554,0.1729,0.1698,0.1599,0.1411,0.0958,0.41721314,-0.10127389,1
118,0.0538,0.0604,0.0761,0.0703,0.0919,0.1432,0.1589,0.1614,0.1709,0.1596,0.1359,0.0889,0.39318088,-0.08577194,1
119,0.0538,0.0641,0.0753,0.0705,0.0919,0.1432,0.1589,0.165,0.1709,0.1596,0.1359,0.0889,0.4012739,-0.09670987,1
120,0.0538,0.0647,0.0785,0.071,0.09,0.1586,0.1809,0.1757,0.202,0.1596,0.1271,0.0792,0.4244021,-0.16050194,1
121,0.0538,0.0569,0.0758,0.0639,0.09,0.1586,0.1809,0.1963,0.202,0.1596,0.1271,0.0792,0.50883937,-0.21397647,1
122,0.0538,0.0569,0.0758,0.0639,0.09,0.1586,0.1809,0.1963,0.202,0.1596,0.1271,0.0792,0.50883937,-0.21397647,1
123,0.0538,0.0582,0.0746,0.0606,0.0883,0.1758,0.1976,0.2172,0.2122,0.1596,0.1236,0.0703,0.56371486,-0.2746479,1
124,0.0538,0.0514,0.0744,0.0608,0.0883,0.1758,0.1976,0.2264,0.2122,0.1596,0.1236,0.0703,0.5766017,-0.29371428,1
125,0.0579,0.061,0.0746,0.0628,0.092,0.1591,0.1771,0.2248,0.1962,0.1604,0.1355,0.0832,0.5632824,-0.24784903,1
126,0.0579,0.0628,0.0768,0.0683,0.092,0.1591,0.1771,0.1886,0.1962,0.1604,0.1355,0.0832,0.4682756,-0.16383834,1
127,0.0579,0.0659,0.0793,0.0739,0.0992,0.1417,0.149,0.166,0.1741,0.1604,0.1487,0.0985,0.38390994,-0.054972976,1
128,0.0582,0.0662,0.0881,0.0733,0.1144,0.2144,0.2317,0.2494,0.2439,0.2427,0.1689,0.1153,0.5457081,-0.19244562,1
129,0.0598,0.0664,0.0904,0.0721,0.1133,0.2184,0.2362,0.2524,0.2493,0.2442,0.1653,0.1066,0.55562407,-0.20852289,1
130,0.0598,0.0664,0.0904,0.0721,0.1133,0.2184,0.2362,0.2524,0.2493,0.2442,0.1653,0.1066,0.55562407,-0.20852289,1
131,0.0598,0.0652,0.091,0.0716,0.1133,0.2184,0.2362,0.253,0.2493,0.2442,0.1653,0.1066,0.55884165,-0.20965813,1
132,0.0629,0.0627,0.0913,0.0708,0.1125,0.2182,0.2412,0.251,0.2494,0.2406,0.161,0.1051,0.55997515,-0.21844658,1
133,0.0598,0.0685,0.0918,0.0741,0.1133,0.2184,0.2362,0.248,0.2493,0.2442,0.1653,0.1066,0.5398944,-0.20009679,1
134,0.0598,0.0685,0.0918,0.0741,0.1133,0.2184,0.2362,0.248,0.2493,0.2442,0.1653,0.1066,0.5398944,-0.20009679,1
135,0.0598,0.0676,0.0899,0.0706,0.1133,0.2184,0.2362,0.2497,0.2493,0.2442,0.1653,0.1066,0.5591633,-0.20337349,1
136,0.0629,0.0674,0.0889,0.0697,0.1125,0.2182,0.2412,0.2494,0.2494,0.2406,0.161,0.1051,0.56314635,-0.21539962,1
137,0.0629,0.0669,0.092,0.0724,0.1125,0.2182,0.2412,0.2425,0.2494,0.2406,0.161,0.1051,0.5401715,-0.20198268,1
138,0.0598,0.0659,0.091,0.0747,0.1176,0.2105,0.2312,0.2478,0.2366,0.2442,0.1642,0.1063,0.5367442,-0.20291263,1
139,0.0598,0.0677,0.0938,0.0734,0.1176,0.2105,0.2312,0.2442,0.2366,0.2442,0.1642,0.1063,0.5377834,-0.19588642,1
140,0.0598,0.0677,0.0938,0.0734,0.1176,0.2105,0.2312,0.2442,0.2366,0.2442,0.1642,0.1063,0.5377834,-0.19588642,1
141,0.0629,0.0697,0.0923,0.0744,0.1183,0.2156,0.2363,0.2442,0.242,0.2406,0.1655,0.1104,0.5329567,-0.1920918,1
142,0.0629,0.0681,0.0963,0.0759,0.1183,0.2156,0.2363,0.2447,0.242,0.2406,0.1655,0.1104,0.5265128,-0.19307655,1
143,0.0629,0.0713,0.1006,0.0827,0.1295,0.2204,0.2379,0.2454,0.2471,0.2406,0.1872,0.1272,0.4958854,-0.13453537,1
144,0.0629,0.0738,0.1052,0.0909,0.1206,0.2156,0.2393,0.2498,0.2466,0.2406,0.1795,0.1255,0.46639273,-0.16375494,1
145,0.0598,0.0672,0.0923,0.0731,0.1176,0.2105,0.2312,0.2416,0.2366,0.2442,0.1642,0.1063,0.53543055,-0.19073439,1
146,0.0598,0.0719,0.0916,0.0728,0.1176,0.2105,0.2312,0.2418,0.2366,0.2442,0.1642,0.1063,0.5371901,-0.19113302,1
147,0.0598,0.0719,0.0916,0.0728,0.1176,0.2105,0.2312,0.2418,0.2366,0.2442,0.1642,0.1063,0.5371901,-0.19113302,1
148,0.0629,0.0742,0.0945,0.0789,0.1183,0.2156,0.2363,0.2454,0.242,0.2406,0.1655,0.1104,0.5134135,-0.1944512,1
149,0.0629,0.0692,0.0947,0.0777,0.1183,0.2156,0.2363,0.242,0.242,0.2406,0.1655,0.1104,0.5139193,-0.18773006,1
150,0.0629,0.0744,0.0986,0.0826,0.1295,0.2204,0.2379,0.2438,0.2471,0.2406,0.1872,0.1272,0.49387255,-0.13132252,1
151,0.0629,0.0769,0.1048,0.096,0.1295,0.2204,0.2379,0.2468,0.2471,0.2406,0.1872,0.1272,0.43990666,-0.13732721,1
152,0.0629,0.0777,0.1038,0.0914,0.1259,0.2246,0.2426,0.2542,0.2543,0.2406,0.1809,0.1274,0.47106484,-0.16846706,1
153,0.0629,0.0698,0.0965,0.0783,0.1259,0.2246,0.2426,0.2562,0.2543,0.2406,0.1809,0.1274,0.53183854,-0.17227179,1
154,0.0598,0.0695,0.093,0.0796,0.1201,0.2131,0.2316,0.2338,0.2383,0.2442,0.169,0.1104,0.49202296,-0.16087388,1
155,0.0598,0.0692,0.0962,0.0762,0.1201,0.2131,0.2316,0.2394,0.2383,0.2442,0.169,0.1104,0.5171103,-0.17238002,1
156,0.0598,0.0692,0.0962,0.0762,0.1201,0.2131,0.2316,0.2394,0.2383,0.2442,0.169,0.1104,0.5171103,-0.17238002,1
157,0.0629,0.0708,0.0937,0.078,0.1189,0.22,0.2355,0.248,0.244,0.2406,0.1677,0.1079,0.5214724,-0.19316816,1
158,0.0629,0.071,0.094,0.0769,0.1189,0.22,0.2355,0.246,0.244,0.2406,0.1677,0.1079,0.5236916,-0.18926762,1
159,0.0629,0.07,0.0972,0.0803,0.1237,0.2135,0.2333,0.2414,0.2384,0.2406,0.1717,0.1126,0.5007771,-0.16872428,1
160,0.0629,0.0726,0.0992,0.0866,0.1237,0.2135,0.2333,0.2431,0.2384,0.2406,0.1717,0.1126,0.47467396,-0.17213115,1
161,0.0629,0.0772,0.1023,0.0901,0.1259,0.2246,0.2426,0.2524,0.2543,0.2406,0.1809,0.1274,0.47386864,-0.16501273,1
162,0.0629,0.0705,0.0944,0.0767,0.1259,0.2246,0.2426,0.2511,0.2543,0.2406,0.1809,0.1274,0.5320317,-0.16250002,1
163,0.0677,0.0676,0.0939,0.0685,0.1157,0.2215,0.2427,0.2533,0.2544,0.2052,0.1624,0.1032,0.5742698,-0.21866731,1
164,0.0677,0.0686,0.0913,0.0667,0.1157,0.2215,0.2427,0.2493,0.2544,0.2052,0.1624,0.1032,0.57784814,-0.211076,1
165,0.0598,0.0685,0.093,0.0778,0.1208,0.213,0.2321,0.243,0.2431,0.2442,0.1709,0.1123,0.5149626,-0.17419666,1
166,0.0598,0.0686,0.0967,0.0832,0.1201,0.2131,0.2316,0.2394,0.2383,0.2442,0.169,0.1104,0.48419094,-0.17238002,1
167,0.0598,0.0688,0.096,0.0778,0.1201,0.2131,0.2316,0.2477,0.2383,0.2442,0.169,0.1104,0.5219662,-0.1888649,1
168,0.0629,0.0683,0.0927,0.0733,0.1189,0.22,0.2355,0.25,0.244,0.2406,0.1677,0.1079,0.5465512,-0.19703138,1
169,0.0629,0.0683,0.0927,0.0733,0.1189,0.22,0.2355,0.25,0.244,0.2406,0.1677,0.1079,0.5465512,-0.19703138,1
170,0.0629,0.0708,0.0944,0.0733,0.1189,0.22,0.2355,0.2442,0.244,0.2406,0.1677,0.1079,0.53826773,-0.18572472,1
171,0.0629,0.0694,0.0923,0.0731,0.1237,0.2135,0.2333,0.2376,0.2384,0.2406,0.1717,0.1126,0.52944964,-0.16100658,1
172,0.0629,0.0732,0.0933,0.0779,0.1237,0.2135,0.2333,0.2357,0.2384,0.2406,0.1717,0.1126,0.5031888,-0.15709375,1
173,0.0609,0.0683,0.0933,0.0767,0.1176,0.2085,0.2302,0.2546,0.2374,0.2221,0.1654,0.1079,0.5369755,-0.21238093,1
174,0.0609,0.0709,0.0935,0.0733,0.1164,0.2169,0.2363,0.2548,0.2471,0.2221,0.1631,0.101,0.553185,-0.21943046,1
175,0.0609,0.0695,0.0919,0.0723,0.1164,0.2169,0.2363,0.249,0.2471,0.2221,0.1631,0.101,0.5499533,-0.20844454,1
176,0.0692,0.0663,0.0931,0.0704,0.1151,0.2157,0.2311,0.247,0.2423,0.2345,0.1614,0.0994,0.5563957,-0.2095984,1
177,0.0692,0.0663,0.0931,0.0704,0.1151,0.2157,0.2311,0.247,0.2423,0.2345,0.1614,0.0994,0.5563957,-0.2095984,1
178,0.0609,0.065,0.0913,0.0704,0.1176,0.2085,0.2302,0.2562,0.2374,0.2221,0.1654,0.1079,0.5688916,-0.21537,1
179,0.053,0.0545,0.0725,0.0528,0.0875,0.2157,0.2542,0.2796,0.2701,0.2025,0.1302,0.0769,0.68231046,-0.36456808,1
180,0.053,0.0569,0.0712,0.0532,0.0925,0.2511,0.3076,0.3062,0.3153,0.2025,0.135,0.0738,0.70395106,-0.38803262,1
181,0.053,0.0569,0.0712,0.0532,0.0925,0.2511,0.3076,0.3062,0.3153,0.2025,0.135,0.0738,0.70395106,-0.38803262,1
182,0.053,0.0543,0.0731,0.0536,0.0925,0.2511,0.3076,0.3245,0.3153,0.2025,0.135,0.0738,0.7164771,-0.41240478,1
183,0.0553,0.0584,0.0765,0.0568,0.0926,0.2486,0.2977,0.3075,0.3084,0.2247,0.1326,0.0716,0.6881691,-0.3974097,1
184,0.0553,0.0593,0.0754,0.0573,0.0926,0.2486,0.2977,0.304,0.3084,0.2247,0.1326,0.0716,0.68281204,-0.39257902,1
185,0.053,0.0526,0.0707,0.0515,0.0737,0.1663,0.2065,0.2792,0.2212,0.2025,0.1092,0.0597,0.68853945,-0.4376931,1
186,0.053,0.0563,0.0714,0.0506,0.0813,0.1974,0.228,0.2918,0.2453,0.2025,0.1089,0.0606,0.7044392,-0.45645118,1
187,0.053,0.0563,0.0714,0.0506,0.0813,0.1974,0.228,0.2918,0.2453,0.2025,0.1089,0.0606,0.7044392,-0.45645118,1
188,0.053,0.0556,0.0714,0.051,0.0813,0.1974,0.228,0.2812,0.2453,0.2025,0.1089,0.0606,0.69295603,-0.4416816,1
189,0.0553,0.0586,0.0741,0.0543,0.0845,0.208,0.2394,0.2852,0.251,0.2247,0.112,0.0607,0.68011785,-0.43605235,1
190,0.0553,0.0548,0.0741,0.0582,0.0845,0.208,0.2394,0.2878,0.251,0.2247,0.112,0.0607,0.6635838,-0.43971986,1
191,0.053,0.052,0.0656,0.0485,0.0737,0.1663,0.2065,0.2082,0.2212,0.2025,0.1092,0.0597,0.622127,-0.31190926,1
192,0.053,0.0526,0.0666,0.0485,0.0813,0.1974,0.228,0.2218,0.2453,0.2025,0.1089,0.0606,0.64113945,-0.34139702,1
193,0.053,0.0526,0.0666,0.0485,0.0813,0.1974,0.228,0.2218,0.2453,0.2025,0.1089,0.0606,0.64113945,-0.34139702,1
194,0.053,0.0558,0.0628,0.0466,0.0813,0.1974,0.228,0.1817,0.2453,0.2025,0.1089,0.0606,0.5917652,-0.25051618,1
195,0.0553,0.0554,0.0672,0.0496,0.0845,0.208,0.2394,0.222,0.251,0.2247,0.112,0.0607,0.634757,-0.32934132,1
196,0.0553,0.0528,0.0694,0.0528,0.0845,0.208,0.2394,0.2376,0.251,0.2247,0.112,0.0607,0.6363636,-0.3592677,1
197,0.053,0.0541,0.0623,0.0496,0.0747,0.1399,0.1661,0.1688,0.1729,0.2025,0.1028,0.0558,0.5457875,-0.24300443,1
198,0.053,0.0511,0.0584,0.0484,0.0732,0.1341,0.1567,0.1626,0.1599,0.2025,0.0966,0.0547,0.5412322,-0.2546296,1
199,0.053,0.0545,0.0583,0.0464,0.0732,0.1341,0.1567,0.128,0.1599,0.2025,0.0966,0.0547,0.46788993,-0.1398041,1
200,0.053,0.0545,0.0583,0.0464,0.0732,0.1341,0.1567,0.128,0.1599,0.2025,0.0966,0.0547,0.46788993,-0.1398041,1
201,0.0553,0.0567,0.0651,0.0528,0.0754,0.1496,0.1774,0.1798,0.1837,0.2247,0.1026,0.0576,0.54600173,-0.2733711,1
202,0.0553,0.0558,0.0662,0.0504,0.0754,0.1496,0.1774,0.185,0.1837,0.2247,0.1026,0.0576,0.5717927,-0.28650904,1
203,0.0651,0.068,0.0889,0.0606,0.1068,0.2699,0.3278,0.3584,0.3364,0.273,0.1549,0.0851,0.71073985,-0.3964543,1
204,0.0651,0.0617,0.0844,0.0618,0.1068,0.2699,0.3278,0.3573,0.3364,0.273,0.1549,0.0851,0.70508236,-0.39515817,1
205,0.0651,0.0617,0.0844,0.0618,0.1068,0.2699,0.3278,0.3573,0.3364,0.273,0.1549,0.0851,0.70508236,-0.39515817,1
206,0.0651,0.0648,0.0839,0.0604,0.1119,0.2859,0.3537,0.3781,0.3652,0.273,0.1522,0.0761,0.7245154,-0.4259853,1
207,0.0663,0.0677,0.0869,0.0603,0.1161,0.2457,0.2878,0.3521,0.3006,0.2565,0.1564,0.0926,0.7075655,-0.38485745,1
208,0.0663,0.0677,0.0869,0.0603,0.1161,0.2457,0.2878,0.3521,0.3006,0.2565,0.1564,0.0926,0.7075655,-0.38485745,1
209,0.0663,0.0693,0.0871,0.062,0.107,0.2938,0.3491,0.3552,0.371,0.2565,0.149,0.0793,0.7027804,-0.40896466,1
210,0.0663,0.0678,0.0862,0.0627,0.107,0.2938,0.3491,0.3946,0.371,0.2565,0.149,0.0793,0.72578174,-0.4518028,1
211,0.0663,0.0778,0.0995,0.0893,0.1161,0.2457,0.2878,0.2501,0.3006,0.2565,0.1564,0.0926,0.47377723,-0.23050429,1
212,0.0663,0.0703,0.0938,0.0739,0.1161,0.2457,0.2878,0.3178,0.3006,0.2565,0.1564,0.0926,0.6226704,-0.3403627,1
213,0.0663,0.0697,0.0891,0.0637,0.107,0.2938,0.3491,0.3362,0.371,0.2565,0.149,0.0793,0.6814204,-0.38582027,1
214,0.0663,0.0697,0.0891,0.0637,0.107,0.2938,0.3491,0.3362,0.371,0.2565,0.149,0.0793,0.6814204,-0.38582027,1
215,0.0663,0.0705,0.0864,0.0628,0.107,0.2938,0.3491,0.364,0.371,0.2565,0.149,0.0793,0.70571697,-0.4191033,1
216,0.0668,0.0682,0.0864,0.0622,0.1121,0.3073,0.3783,0.4062,0.3957,0.2774,0.153,0.0787,0.73441505,-0.4527897,1
217,0.0668,0.0682,0.0913,0.062,0.1121,0.3073,0.3783,0.416,0.3957,0.2774,0.153,0.0787,0.7405858,-0.46221444,1
218,0.0663,0.0757,0.098,0.0816,0.1126,0.1862,0.2055,0.2181,0.2212,0.2565,0.1425,0.0808,0.45545542,-0.20965058,1
219,0.0663,0.0792,0.1036,0.0851,0.1251,0.2113,0.2298,0.2321,0.2499,0.2565,0.1588,0.0978,0.46343,-0.18751596,1
220,0.0663,0.075,0.1015,0.0855,0.1251,0.2113,0.2298,0.2724,0.2499,0.2565,0.1588,0.0978,0.52221286,-0.2634508,1
221,0.0663,0.0713,0.093,0.0707,0.1168,0.2687,0.3208,0.3388,0.3276,0.2565,0.1582,0.0914,0.6547009,-0.3633803,1
222,0.0663,0.0713,0.093,0.0707,0.1168,0.2687,0.3208,0.3388,0.3276,0.2565,0.1582,0.0914,0.6547009,-0.3633803,1
223,0.0663,0.078,0.1046,0.0827,0.1126,0.1862,0.2055,0.232,0.2212,0.2565,0.1425,0.0808,0.47442007,-0.2389853,1
224,0.0663,0.0809,0.1056,0.0855,0.1251,0.2113,0.2298,0.2347,0.2499,0.2565,0.1588,0.0978,0.46595874,-0.19288434,1
225,0.0633,0.0645,0.0744,0.065,0.0866,0.1598,0.1763,0.1938,0.1983,0.1621,0.1212,0.0664,0.49768162,-0.23047619,1
226,0.0633,0.0645,0.0744,0.065,0.0866,0.1598,0.1763,0.1938,0.1983,0.1621,0.1212,0.0664,0.49768162,-0.23047619,1
227,0.0633,0.0679,0.0758,0.0642,0.0866,0.1598,0.1763,0.1958,0.1983,0.1621,0.1212,0.0664,0.5061539,-0.23533124,1
228,0.0633,0.0628,0.0758,0.0625,0.0824,0.138,0.1633,0.1692,0.1668,0.1621,0.1104,0.0623,0.4605093,-0.21030045,1
229,0.0633,0.0628,0.0758,0.0625,0.0824,0.138,0.1633,0.1692,0.1668,0.1621,0.1104,0.0623,0.4605093,-0.21030045,1
230,0.0633,0.0637,0.0762,0.062,0.0824,0.138,0.1633,0.1864,0.1668,0.1621,0.1104,0.0623,0.50080514,-0.25606468,1
231,0.0633,0.0628,0.0721,0.0596,0.0824,0.138,0.1633,0.1498,0.1668,0.1621,0.1104,0.0623,0.43075454,-0.151422,1
232,0.0633,0.0628,0.0721,0.0596,0.0824,0.138,0.1633,0.1498,0.1668,0.1621,0.1104,0.0623,0.43075454,-0.151422,1
233,0.0633,0.0602,0.0684,0.0614,0.0824,0.138,0.1633,0.157,0.1668,0.1621,0.1104,0.0623,0.43772894,-0.17427078,1
234,0.0633,0.0597,0.0711,0.0581,0.0844,0.1383,0.1544,0.1562,0.1624,0.1621,0.1026,0.0573,0.4577695,-0.20710975,1
235,0.0633,0.0606,0.0737,0.0605,0.0844,0.1383,0.1544,0.16,0.1624,0.1621,0.1026,0.0573,0.45124716,-0.21858338,1
236,0.0633,0.0606,0.0737,0.0605,0.0844,0.1383,0.1544,0.16,0.1624,0.1621,0.1026,0.0573,0.45124716,-0.21858338,1
237,0.0633,0.0572,0.0724,0.0602,0.0844,0.1383,0.1544,0.1549,0.1624,0.1621,0.1026,0.0573,0.44026035,-0.20310679,1
238,0.0633,0.0654,0.0751,0.0598,0.0844,0.1383,0.1544,0.1832,0.1624,0.1621,0.1026,0.0573,0.50781894,-0.28201538,1
239,0.0633,0.0654,0.0751,0.0598,0.0844,0.1383,0.1544,0.1832,0.1624,0.1621,0.1026,0.0573,0.50781894,-0.28201538,1
240,0.0649,0.0609,0.0653,0.0597,0.0785,0.1355,0.1591,0.1603,0.164,0.1704,0.1053,0.0583,0.45727274,-0.20707831,1
241,0.0649,0.0609,0.0725,0.0604,0.0785,0.1355,0.1591,0.1974,0.164,0.1704,0.1053,0.0583,0.5314197,-0.30426165,1
242,0.0649,0.0609,0.0725,0.0604,0.0785,0.1355,0.1591,0.1974,0.164,0.1704,0.1053,0.0583,0.5314197,-0.30426165,1
243,0.0743,0.0621,0.0719,0.0602,0.0956,0.1773,0.2147,0.1771,0.1912,0.1973,0.1344,0.0872,0.4926254,-0.13707867,1
244,0.0665,0.0594,0.0756,0.0616,0.0814,0.1396,0.1618,0.1742,0.1796,0.1786,0.1171,0.0735,0.47752333,-0.19601785,1
245,0.0665,0.0594,0.0756,0.0616,0.0814,0.1396,0.1618,0.1742,0.1796,0.1786,0.1171,0.0735,0.47752333,-0.19601785,1
246,0.0665,0.0615,0.0739,0.0628,0.0814,0.1396,0.1618,0.1752,0.1796,0.1786,0.1171,0.0735,0.4722689,-0.19876839,1
247,0.0665,0.0568,0.0703,0.061,0.0837,0.1272,0.1487,0.1536,0.1481,0.1786,0.1142,0.0663,0.4315005,-0.14712472,1
248,0.0665,0.0609,0.0634,0.0591,0.0837,0.1272,0.1487,0.1254,0.1481,0.1786,0.1142,0.0663,0.35934964,-0.046744585,1
249,0.0665,0.0636,0.0683,0.0596,0.0825,0.1553,0.1797,0.1582,0.1842,0.1786,0.1121,0.0631,0.4527089,-0.17055124,1
250,0.0649,0.0628,0.0756,0.0623,0.0785,0.1355,0.1591,0.1737,0.164,0.1704,0.1053,0.0583,0.47203392,-0.2451613,1
251,0.0649,0.0584,0.0708,0.0602,0.0785,0.1355,0.1591,0.1581,0.164,0.1704,0.1053,0.0583,0.4484654,-0.20045556,1
252,0.0649,0.0584,0.0708,0.0602,0.0785,0.1355,0.1591,0.1581,0.164,0.1704,0.1053,0.0583,0.4484654,-0.20045556,1
253,0.0571,0.0642,0.0787,0.0655,0.0938,0.2093,0.2524,0.225,0.2574,0.202,0.1232,0.0724,0.5490534,-0.2923607,1
254,0.0553,0.0606,0.0776,0.0626,0.0817,0.152,0.1512,0.2058,0.188,0.2123,0.1141,0.0635,0.533532,-0.28665206,1
255,0.0553,0.0606,0.0776,0.0626,0.0817,0.152,0.1512,0.2058,0.188,0.2123,0.1141,0.0635,0.533532,-0.28665206,1
256,0.0553,0.0598,0.0765,0.0621,0.0817,0.152,0.1512,0.2002,0.188,0.2123,0.1141,0.0635,0.5264964,-0.2739421,1
257,0.0553,0.057,0.0716,0.0589,0.0795,0.1428,0.1666,0.1716,0.169,0.2123,0.1114,0.0617,0.4889371,-0.21272084,1
258,0.0553,0.0566,0.0634,0.0554,0.0795,0.1428,0.1666,0.1552,0.169,0.2123,0.1114,0.0617,0.47388417,-0.16429108,1
259,0.0553,0.062,0.071,0.0553,0.0857,0.1734,0.194,0.1842,0.2092,0.2123,0.1185,0.0642,0.5382046,-0.21704659,1
260,0.0649,0.0618,0.0752,0.0635,0.0823,0.1524,0.1638,0.1787,0.1808,0.1704,0.1172,0.0702,0.47563997,-0.20784047,1
261,0.0649,0.0601,0.0713,0.0588,0.0823,0.1524,0.1638,0.1599,0.1808,0.1704,0.1172,0.0702,0.46227708,-0.15409596,1
262,0.0568,0.0611,0.0634,0.0559,0.078,0.1381,0.1662,0.1522,0.1738,0.1663,0.1095,0.0613,0.46275827,-0.16316393,1
263,0.0571,0.0616,0.0719,0.0615,0.0938,0.2093,0.2524,0.1869,0.2574,0.202,0.1232,0.0724,0.5048309,-0.20541762,1
264,0.0553,0.0598,0.0711,0.0579,0.0817,0.152,0.1512,0.1734,0.188,0.2123,0.1141,0.0635,0.4993515,-0.20626086,1
265,0.0553,0.0584,0.0727,0.059,0.0817,0.152,0.1512,0.1729,0.188,0.2123,0.1141,0.0635,0.49116,-0.20487806,1
266,0.0553,0.0584,0.0727,0.059,0.0817,0.152,0.1512,0.1729,0.188,0.2123,0.1141,0.0635,0.49116,-0.20487806,1
267,0.0553,0.0593,0.0698,0.0586,0.0795,0.1428,0.1666,0.1726,0.169,0.2123,0.1114,0.0617,0.49307957,-0.21549296,1
268,0.0553,0.0607,0.0739,0.0596,0.0795,0.1428,0.1666,0.1974,0.169,0.2123,0.1114,0.0617,0.53618675,-0.27849743,1
269,0.0553,0.062,0.0753,0.0596,0.0857,0.1734,0.194,0.2292,0.2092,0.2123,0.1185,0.0642,0.5872576,-0.3183779,1
270,0.0571,0.0548,0.0657,0.055,0.0889,0.194,0.231,0.1516,0.2219,0.202,0.1176,0.0635,0.4675702,-0.12630016,1
271,0.0553,0.0606,0.0694,0.0581,0.085,0.1591,0.1747,0.1786,0.2074,0.2123,0.1218,0.0655,0.5090832,-0.18908122,1
272,0.0553,0.0598,0.0668,0.0575,0.085,0.1591,0.1747,0.1895,0.2074,0.2123,0.1218,0.0655,0.534413,-0.21747512,1
273,0.0553,0.0598,0.0668,0.0575,0.085,0.1591,0.1747,0.1895,0.2074,0.2123,0.1218,0.0655,0.534413,-0.21747512,1
274,0.0553,0.062,0.0702,0.0591,0.0899,0.1734,0.2005,0.1982,0.2135,0.2123,0.1242,0.0681,0.54061407,-0.22952853,1
275,0.0553,0.0593,0.0717,0.0609,0.0899,0.1734,0.2005,0.1986,0.2135,0.2123,0.1242,0.0681,0.53063583,-0.23048325,1
276,0.0553,0.0589,0.0702,0.0581,0.0865,0.1743,0.1919,0.1968,0.2181,0.2123,0.1238,0.0651,0.5441349,-0.22769804,1
277,0.0571,0.055,0.0678,0.0566,0.0889,0.194,0.231,0.1816,0.2219,0.202,0.1176,0.0635,0.5247691,-0.21390375,1
278,0.0553,0.0633,0.0749,0.0626,0.085,0.1591,0.1747,0.2292,0.2074,0.2123,0.1218,0.0655,0.570939,-0.30598292,1
279,0.0553,0.0642,0.0714,0.0607,0.085,0.1591,0.1747,0.2212,0.2074,0.2123,0.1218,0.0655,0.56935084,-0.28979594,1
280,0.0553,0.0642,0.0714,0.0607,0.085,0.1591,0.1747,0.2212,0.2074,0.2123,0.1218,0.0655,0.56935084,-0.28979594,1
281,0.0553,0.062,0.0784,0.0616,0.0899,0.1734,0.2005,0.2348,0.2135,0.2123,0.1242,0.0681,0.58434546,-0.308078,1
282,0.0553,0.0607,0.0717,0.0589,0.0899,0.1734,0.2005,0.2171,0.2135,0.2123,0.1242,0.0681,0.5731884,-0.27219453,1
283,0.0553,0.063,0.0747,0.0586,0.0865,0.1743,0.1919,0.211,0.2181,0.2123,0.1238,0.0651,0.56528187,-0.260454,1
284,0.0571,0.0642,0.0755,0.0636,0.0913,0.1904,0.1972,0.2025,0.2295,0.202,0.1304,0.0726,0.5219842,-0.21658155,1
285,0.0553,0.0625,0.078,0.0639,0.0953,0.1833,0.2107,0.2521,0.2219,0.2123,0.1321,0.0699,0.5955696,-0.3123373,1
286,0.0553,0.0619,0.0755,0.063,0.0953,0.1833,0.2107,0.2385,0.2219,0.2123,0.1321,0.0699,0.58208954,-0.28710198,1
287,0.0553,0.0619,0.0755,0.063,0.0953,0.1833,0.2107,0.2385,0.2219,0.2123,0.1321,0.0699,0.58208954,-0.28710198,1
288,0.0553,0.062,0.0755,0.0625,0.0895,0.1746,0.1946,0.2379,0.2183,0.2123,0.13,0.0709,0.5838882,-0.29328623,1
289,0.0553,0.062,0.0745,0.0579,0.0895,0.1746,0.1946,0.2079,0.2183,0.2123,0.13,0.0709,0.5643341,-0.2305416,1
290,0.0553,0.062,0.076,0.0623,0.0917,0.1757,0.2045,0.2165,0.2166,0.2123,0.1347,0.0701,0.5530847,-0.23291571,1
291,0.0571,0.0633,0.0715,0.0615,0.0913,0.1904,0.1972,0.198,0.2295,0.202,0.1304,0.0726,0.5260115,-0.20584652,1
292,0.0553,0.0625,0.0752,0.0618,0.0953,0.1833,0.2107,0.2314,0.2219,0.2123,0.1321,0.0699,0.5784447,-0.27317744,1
293,0.0553,0.0598,0.0807,0.0626,0.0953,0.1833,0.2107,0.2327,0.2219,0.2123,0.1321,0.0699,0.57602435,-0.27576756,1
294,0.0553,0.0611,0.0753,0.0612,0.0895,0.1746,0.1946,0.2073,0.2183,0.2123,0.13,0.0709,0.5441341,-0.22917287,1
295,0.0553,0.0611,0.0753,0.0612,0.0895,0.1746,0.1946,0.2073,0.2183,0.2123,0.13,0.0709,0.5441341,-0.22917287,1
296,0.0553,0.0589,0.0717,0.0584,0.0895,0.1746,0.1946,0.1886,0.2183,0.2123,0.13,0.0709,0.5271255,-0.18392973,1
297,0.0553,0.0584,0.0766,0.0642,0.0917,0.1757,0.2045,0.2302,0.2166,0.2123,0.1347,0.0701,0.5638587,-0.26171553,1
298,0.0565,0.0562,0.0694,0.0547,0.0843,0.1494,0.1535,0.162,0.1887,0.1892,0.1279,0.074,0.4951546,-0.11762675,1
299,0.0585,0.0616,0.0728,0.0611,0.093,0.1715,0.2031,0.2129,0.2113,0.212,0.1257,0.0664,0.5540146,-0.25753102,1
300,0.0585,0.063,0.0752,0.0601,0.093,0.1715,0.2031,0.2208,0.2113,0.212,0.1257,0.0664,0.57208973,-0.2744589,1
301,0.0585,0.0593,0.0717,0.0586,0.0933,0.1836,0.2068,0.1921,0.2188,0.212,0.1322,0.0693,0.53250897,-0.18470553,1
302,0.0585,0.0593,0.0717,0.0586,0.0933,0.1836,0.2068,0.1921,0.2188,0.212,0.1322,0.0693,0.53250897,-0.18470553,1
303,0.0585,0.0599,0.0717,0.0605,0.0933,0.1836,0.2068,0.1903,0.2188,0.212,0.1322,0.0693,0.51754385,-0.18015504,1
304,0.0585,0.0634,0.0794,0.0629,0.0941,0.189,0.2081,0.2172,0.2285,0.212,0.1368,0.0727,0.5508747,-0.22711861,1
305,0.0565,0.0558,0.0718,0.0573,0.0843,0.1494,0.1535,0.1756,0.1887,0.1892,0.1279,0.074,0.50794333,-0.15716639,1
306,0.0585,0.0633,0.0777,0.0644,0.093,0.1715,0.2031,0.2301,0.2113,0.212,0.1257,0.0664,0.56264853,-0.2934233,1
307,0.0585,0.0634,0.0775,0.0638,0.093,0.1715,0.2031,0.2285,0.2113,0.212,0.1257,0.0664,0.5634622,-0.2902315,1
308,0.0585,0.0637,0.0786,0.0633,0.0933,0.1836,0.2068,0.2428,0.2188,0.212,0.1322,0.0693,0.5864097,-0.29493332,1
309,0.0585,0.0637,0.0786,0.0633,0.0933,0.1836,0.2068,0.2428,0.2188,0.212,0.1322,0.0693,0.5864097,-0.29493332,1
310,0.0585,0.0637,0.0786,0.0635,0.0933,0.1836,0.2068,0.2366,0.2188,0.212,0.1322,0.0693,0.57680774,-0.28308025,1
311,0.0585,0.0625,0.0731,0.0614,0.0941,0.189,0.2081,0.2096,0.2285,0.212,0.1368,0.0727,0.5468635,-0.21016164,1
312,0.0566,0.0632,0.0918,0.0629,0.1135,0.3518,0.4439,0.4604,0.4587,0.4537,0.1895,0.0934,0.75960255,-0.41683334,1
313,0.0603,0.0622,0.0918,0.0631,0.1123,0.3279,0.4245,0.4497,0.4321,0.3554,0.1814,0.0934,0.7539002,-0.42513072,1
314,0.0566,0.0644,0.0913,0.0615,0.1138,0.3452,0.4444,0.4616,0.4563,0.4537,0.1864,0.0909,0.7648633,-0.42469138,1
315,0.0603,0.0639,0.094,0.0625,0.1123,0.3279,0.4245,0.4519,0.4321,0.3554,0.1814,0.0934,0.7569984,-0.42712775,1
316,0.0603,0.0635,0.0936,0.0621,0.1123,0.3279,0.4245,0.4543,0.4321,0.3554,0.1814,0.0934,0.75948876,-0.42929053,1
317,0.0566,0.0622,0.0928,0.0615,0.1138,0.3452,0.4444,0.4596,0.4563,0.4537,0.1864,0.0909,0.76396084,-0.4229102,1
318,0.0566,0.0628,0.0928,0.0586,0.1138,0.3452,0.4444,0.4676,0.4563,0.4537,0.1864,0.0909,0.777271,-0.42996943,1
319,0.0574,0.0618,0.091,0.0604,0.1108,0.3437,0.4388,0.4584,0.4616,0.3245,0.1799,0.0885,0.767155,-0.4363152,1
320,0.0574,0.0618,0.091,0.0604,0.1108,0.3437,0.4388,0.4584,0.4616,0.3245,0.1799,0.0885,0.767155,-0.4363152,1
321,0.0574,0.0639,0.0933,0.0604,0.1108,0.3437,0.4388,0.4568,0.4616,0.3245,0.1799,0.0885,0.76643467,-0.4348987,1
322,0.0542,0.0581,0.0914,0.0612,0.1097,0.3369,0.4313,0.4596,0.452,0.4352,0.179,0.0867,0.764977,-0.43939868,1
323,0.0542,0.0599,0.0931,0.0618,0.1097,0.3369,0.4313,0.466,0.452,0.4352,0.179,0.0867,0.7658204,-0.44496122,1
324,0.0574,0.0603,0.0857,0.0615,0.1064,0.3213,0.3988,0.4472,0.4183,0.3245,0.1666,0.0831,0.7582072,-0.45715216,1
325,0.0574,0.0616,0.0896,0.0604,0.1108,0.3437,0.4388,0.462,0.4616,0.3245,0.1799,0.0885,0.76875955,-0.43947655,1
326,0.0574,0.0616,0.0896,0.0604,0.1108,0.3437,0.4388,0.462,0.4616,0.3245,0.1799,0.0885,0.76875955,-0.43947655,1
327,0.0574,0.0626,0.0885,0.0602,0.1108,0.3437,0.4388,0.4595,0.4616,0.3245,0.1799,0.0885,0.7683279,-0.43728495,1
328,0.0542,0.0605,0.0897,0.0601,0.1097,0.3369,0.4313,0.4596,0.452,0.4352,0.179,0.0867,0.7687127,-0.43939868,1
329,0.0574,0.0587,0.0825,0.0582,0.0988,0.2349,0.3033,0.3984,0.306,0.3245,0.1544,0.0814,0.74507225,-0.4413893,1
330,0.0574,0.0623,0.0879,0.0594,0.108,0.3032,0.3976,0.4474,0.391,0.3245,0.1667,0.0875,0.765588,-0.45709166,1
331,0.0574,0.0623,0.0879,0.0594,0.108,0.3032,0.3976,0.4474,0.391,0.3245,0.1667,0.0875,0.765588,-0.45709166,1
332,0.0574,0.0605,0.0863,0.0597,0.108,0.3032,0.3976,0.4513,0.391,0.3245,0.1667,0.0875,0.7663405,-0.4605178,1
333,0.0542,0.0626,0.0874,0.0589,0.1066,0.3344,0.4323,0.4544,0.4361,0.4352,0.1744,0.0847,0.7705046,-0.44529262,1
334,0.0776,0.0976,0.119,0.1422,0.1827,0.2018,0.2025,0.2187,0.2284,0.1986,0.267,0.226,0.2119701,0.09944407,0
335,0.0776,0.0988,0.1218,0.1448,0.1827,0.2018,0.2025,0.2147,0.2284,0.1986,0.267,0.226,0.19443668,0.10857379,0
336,0.0757,0.0976,0.1238,0.1346,0.1661,0.1923,0.209,0.2282,0.2195,0.2008,0.261,0.2203,0.2579934,0.06704825,0
337,0.0776,0.109,0.1286,0.1464,0.1827,0.2018,0.2025,0.228,0.2284,0.1986,0.267,0.226,0.2179487,0.078787856,0
338,0.0776,0.1172,0.1528,0.1592,0.1827,0.2018,0.2025,0.2249,0.2284,0.1986,0.267,0.226,0.17104922,0.085586466,0
339,0.0776,0.0999,0.1152,0.1354,0.1624,0.1887,0.2022,0.1993,0.2147,0.1986,0.2514,0.2104,0.19091727,0.11559793,0
340,0.0782,0.0927,0.1194,0.1312,0.1658,0.1882,0.1861,0.1838,0.2081,0.2059,0.2457,0.2088,0.16698411,0.14412108,0
341,0.0782,0.1017,0.1218,0.1316,0.1658,0.1882,0.1861,0.2095,0.2081,0.2059,0.2457,0.2088,0.22837874,0.079525486,0
342,0.0763,0.1236,0.1422,0.1746,0.1694,0.1989,0.2089,0.2385,0.2193,0.1889,0.2528,0.2092,0.15468408,0.02910643,0
343,0.0763,0.1144,0.1488,0.147,0.1694,0.1989,0.2089,0.2213,0.2193,0.1889,0.2528,0.2092,0.20173773,0.06644164,0
344,0.0763,0.112,0.1396,0.1566,0.1619,0.185,0.196,0.2186,0.2182,0.1889,0.2335,0.1894,0.16524522,0.032957308,0
345,0.0782,0.0944,0.1116,0.1252,0.1658,0.1882,0.1861,0.1756,0.2081,0.2059,0.2457,0.2088,0.1675532,0.16638973,0
346,0.0782,0.0944,0.1116,0.1252,0.1658,0.1882,0.1861,0.1756,0.2081,0.2059,0.2457,0.2088,0.1675532,0.16638973,0
347,0.0782,0.1144,0.132,0.137,0.1658,0.1882,0.1861,0.2024,0.2081,0.2059,0.2457,0.2088,0.19269301,0.09663022,0
348,0.0763,0.0989,0.1242,0.1436,0.1694,0.1989,0.2089,0.2232,0.2193,0.1889,0.2528,0.2092,0.21701197,0.062184867,0
349,0.0782,0.1008,0.1322,0.1594,0.1784,0.2079,0.2212,0.22,0.2324,0.2059,0.2662,0.2288,0.15972587,0.09502264,0
350,0.0782,0.118,0.1416,0.1582,0.155,0.1811,0.1929,0.22,0.2045,0.2059,0.2428,0.2049,0.16340561,0.04926534,0
351,0.0782,0.118,0.1416,0.1582,0.155,0.1811,0.1929,0.22,0.2045,0.2059,0.2428,0.2049,0.16340561,0.04926534,0
352,0.0782,0.0963,0.1222,0.1328,0.155,0.1811,0.1929,0.212,0.2045,0.2059,0.2428,0.2049,0.22969837,0.067722075,0
353,0.0782,0.1126,0.1432,0.1464,0.176,0.1967,0.2104,0.2298,0.2369,0.2059,0.2481,0.1951,0.22169058,0.038292523,0
354,0.0782,0.0985,0.117,0.1302,0.1784,0.2079,0.2212,0.2071,0.2324,0.2059,0.2662,0.2288,0.22798698,0.12486795,0
355,0.0782,0.1246,0.1494,0.1702,0.1784,0.2079,0.2212,0.2392,0.2324,0.2059,0.2662,0.2288,0.1685393,0.05342305,0
356,0.0782,0.1136,0.1368,0.1432,0.155,0.1811,0.1929,0.227,0.2045,0.2059,0.2428,0.2049,0.22636414,0.033631332,0
357,0.0782,0.0891,0.1114,0.1218,0.1686,0.1911,0.2046,0.1992,0.2205,0.2059,0.2586,0.21,0.24112152,0.12975097,0
358,0.0782,0.1264,0.1416,0.1576,0.1625,0.1901,0.194,0.2266,0.2177,0.2059,0.2458,0.2014,0.17959398,0.040643517,0
359,0.0782,0.113,0.1452,0.1574,0.1625,0.1901,0.194,0.2404,0.2177,0.2059,0.2458,0.2014,0.20864758,0.011106544,0
360,0.0758,0.0881,0.1134,0.1228,0.1413,0.1678,0.1826,0.1983,0.2034,0.1752,0.2312,0.1827,0.23512925,0.07660068,0
361,0.0782,0.1152,0.1412,0.15,0.1686,0.1911,0.2046,0.2258,0.2205,0.2059,0.2586,0.21,0.201703,0.06771264,0
362,0.0758,0.0851,0.1062,0.1114,0.1405,0.1667,0.178,0.1983,0.1893,0.1752,0.2193,0.1874,0.28059414,0.05028735,0
363,0.0758,0.0957,0.1136,0.1178,0.1442,0.174,0.188,0.2161,0.2076,0.1752,0.2261,0.1844,0.29439956,0.02261418,0
364,0.0758,0.087,0.1132,0.1138,0.1442,0.174,0.188,0.2034,0.2076,0.1752,0.2261,0.1844,0.28247166,0.052852146,0
365,0.0758,0.0933,0.1172,0.1266,0.1405,0.1667,0.178,0.1814,0.1893,0.1752,0.2193,0.1874,0.17792208,0.09458448,0
366,0.0758,0.0899,0.1102,0.1192,0.1405,0.1667,0.178,0.1876,0.1893,0.1752,0.2193,0.1874,0.22294655,0.07790612,0
367,0.0758,0.082,0.1005,0.1098,0.1442,0.174,0.188,0.2036,0.2076,0.1752,0.2261,0.1844,0.29929802,0.0523621,0
368,0.0758,0.0973,0.1204,0.1236,0.1442,0.174,0.188,0.2106,0.2076,0.1752,0.2261,0.1844,0.26032317,0.03549346,0
369,0.0758,0.0937,0.1158,0.124,0.1417,0.1612,0.1754,0.1831,0.1765,0.1752,0.2208,0.1993,0.19244547,0.09333993,0
370,0.0758,0.086,0.1108,0.116,0.1445,0.1717,0.1803,0.1937,0.1979,0.1752,0.2291,0.1981,0.25088796,0.08372754,0
371,0.0758,0.0887,0.1078,0.1172,0.1445,0.1717,0.1803,0.2019,0.1979,0.1752,0.2291,0.1981,0.26543403,0.06310904,0
372,0.0758,0.1016,0.1274,0.1358,0.15,0.1846,0.1919,0.2183,0.213,0.1752,0.2291,0.1941,0.23298502,0.02413948,0
373,0.0758,0.0963,0.1158,0.1228,0.15,0.1846,0.1919,0.2091,0.213,0.1752,0.2291,0.1941,0.26001805,0.045641284,0
374,0.0617,0.0814,0.1062,0.1216,0.1373,0.1606,0.1696,0.1817,0.1764,0.1758,0.2209,0.1999,0.19815364,0.09736709,0
375,0.0617,0.0828,0.1048,0.121,0.1373,0.1606,0.1696,0.1855,0.1764,0.1758,0.2209,0.1999,0.21044044,0.08710631,0
376,0.0617,0.0793,0.108,0.1236,0.1426,0.1597,0.1692,0.1818,0.1786,0.1758,0.2329,0.2148,0.19056973,0.12322161,0
377,0.0617,0.0839,0.1074,0.1256,0.1431,0.1601,0.1668,0.1833,0.1828,0.1758,0.2276,0.2087,0.18679187,0.1078121,0
378,0.0617,0.0828,0.107,0.1222,0.1431,0.1601,0.1668,0.1782,0.1828,0.1758,0.2276,0.2087,0.18641813,0.12173481,0
379,0.0617,0.0788,0.1114,0.1246,0.1365,0.1678,0.1779,0.1814,0.1918,0.1758,0.2229,0.1938,0.18562092,0.10264655,0
380,0.0617,0.0816,0.1076,0.1216,0.1426,0.1597,0.1692,0.1836,0.1786,0.1758,0.2329,0.2148,0.20314546,0.11836735,0
381,0.0617,0.0821,0.1098,0.124,0.1426,0.1597,0.1692,0.1818,0.1786,0.1758,0.2329,0.2148,0.18901241,0.12322161,0
382,0.0617,0.0803,0.1084,0.1248,0.1431,0.1601,0.1668,0.1812,0.1828,0.1758,0.2276,0.2087,0.18431373,0.11350293,0
383,0.0617,0.0839,0.11,0.1268,0.1393,0.1567,0.1679,0.1775,0.1775,0.1758,0.2286,0.2133,0.16661188,0.12583108,0
384,0.0617,0.085,0.1088,0.1252,0.1399,0.1552,0.1629,0.1815,0.1721,0.1758,0.2275,0.2128,0.183567,0.11246944,0
385,0.0617,0.085,0.1088,0.1252,0.1399,0.1552,0.1629,0.1815,0.1721,0.1758,0.2275,0.2128,0.183567,0.11246944,0
386,0.0617,0.0844,0.1092,0.123,0.1399,0.1552,0.1629,0.1794,0.1721,0.1758,0.2275,0.2128,0.18650791,0.11821088,0
387,0.0617,0.0849,0.1112,0.1238,0.1393,0.1567,0.1679,0.1782,0.1775,0.1758,0.2286,0.2133,0.18013246,0.123893775,0
388,0.0617,0.086,0.1122,0.125,0.1393,0.1567,0.1679,0.1763,0.1775,0.1758,0.2286,0.2133,0.1702622,0.12916768,0
389,0.0617,0.0877,0.1116,0.1272,0.1399,0.1552,0.1629,0.1765,0.1721,0.1758,0.2275,0.2128,0.1623312,0.12623766,0
390,0.0617,0.0877,0.1116,0.1272,0.1399,0.1552,0.1629,0.1765,0.1721,0.1758,0.2275,0.2128,0.1623312,0.12623766,0
391,0.0604,0.0823,0.1108,0.122,0.1373,0.1517,0.1651,0.1752,0.1705,0.1871,0.2243,0.2084,0.17900403,0.12290362,0
392,0.0604,0.0813,0.1096,0.1226,0.1373,0.1517,0.1651,0.1744,0.1705,0.1871,0.2243,0.2084,0.17441079,0.12515675,0
393,0.0604,0.0868,0.1094,0.1232,0.1316,0.1536,0.1665,0.1758,0.1732,0.1871,0.2033,0.1817,0.17591973,0.07254024,0
394,0.0604,0.0833,0.1106,0.1228,0.1373,0.1517,0.1651,0.1743,0.1705,0.1871,0.2243,0.2084,0.1733423,0.12543903,0
395,0.0604,0.0872,0.109,0.1172,0.1373,0.1517,0.1651,0.1726,0.1705,0.1871,0.2243,0.2084,0.19116631,0.1302595,0
396,0.0604,0.0839,0.1108,0.1206,0.1291,0.1591,0.1747,0.174,0.1823,0.1871,0.2063,0.184,0.18126272,0.084932975,0
397,0.0779,0.0917,0.1106,0.1252,0.1436,0.1514,0.157,0.1595,0.1642,0.153,0.1812,0.1571,0.12047769,0.06369238,0
398,0.0779,0.099,0.1094,0.1096,0.1184,0.1322,0.1361,0.1521,0.1467,0.153,0.167,0.1495,0.16239968,0.046693824,0
399,0.0779,0.0982,0.1146,0.1228,0.1184,0.1322,0.1361,0.1551,0.1467,0.153,0.167,0.1495,0.11622887,0.036945026,0
400,0.0779,0.0957,0.114,0.125,0.1318,0.1523,0.1635,0.1668,0.1722,0.153,0.1884,0.1667,0.14324883,0.06081079,0
401,0.0779,0.0955,0.1108,0.1102,0.1184,0.1322,0.1361,0.1463,0.1467,0.153,0.167,0.1495,0.14074074,0.06607083,0
402,0.0779,0.088,0.1032,0.1086,0.1184,0.1322,0.1361,0.1403,0.1467,0.153,0.167,0.1495,0.12736042,0.08688574,0
403,0.081,0.083,0.0942,0.0998,0.1198,0.1379,0.1463,0.1576,0.1614,0.1388,0.1662,0.1396,0.22455324,0.026559595,0
404,0.081,0.083,0.0942,0.0998,0.1198,0.1379,0.1463,0.1576,0.1614,0.1388,0.1662,0.1396,0.22455324,0.026559595,0
405,0.081,0.0922,0.1008,0.0988,0.117,0.1288,0.1379,0.126,0.1366,0.1388,0.1588,0.1415,0.12099643,0.11516855,0
406,0.081,0.0886,0.0982,0.1034,0.117,0.1288,0.1379,0.1312,0.1366,0.1388,0.1588,0.1415,0.11849958,0.09517243,0
407,0.081,0.0855,0.1015,0.0954,0.1287,0.1571,0.1614,0.1361,0.1699,0.1388,0.1842,0.1528,0.17580992,0.15017174,0
408,0.081,0.0805,0.0944,0.1013,0.1198,0.1379,0.1463,0.1592,0.1614,0.1388,0.1662,0.1396,0.22226486,0.021511983,0
409,0.081,0.0786,0.0944,0.0927,0.1198,0.1379,0.1463,0.1602,0.1614,0.1388,0.1662,0.1396,0.26690394,0.018382344,0
410,0.081,0.0914,0.1068,0.1112,0.117,0.1288,0.1379,0.1525,0.1366,0.1388,0.1588,0.1415,0.15661739,0.02023772,0
411,0.081,0.0914,0.1068,0.1112,0.117,0.1288,0.1379,0.1525,0.1366,0.1388,0.1588,0.1415,0.15661739,0.02023772,0
412,0.081,0.0983,0.114,0.12,0.117,0.1288,0.1379,0.1461,0.1366,0.1388,0.1588,0.1415,0.09808344,0.041653022,0
413,0.081,0.0816,0.0963,0.103,0.1102,0.1277,0.1319,0.1404,0.1388,0.1388,0.1597,0.1376,0.15365656,0.06431189,0
414,0.081,0.0901,0.1028,0.1016,0.1102,0.1277,0.1319,0.1312,0.1388,0.1388,0.1597,0.1376,0.12714778,0.09797183,0
415,0.081,0.0983,0.1108,0.1278,0.118,0.1355,0.139,0.1522,0.1514,0.1388,0.1553,0.1337,0.08714284,0.010081326,0
416,0.081,0.0938,0.109,0.108,0.118,0.1355,0.139,0.1476,0.1514,0.1388,0.1553,0.1337,0.15492955,0.025420967,0
417,0.081,0.0957,0.1134,0.1166,0.1258,0.1398,0.1426,0.1761,0.1484,0.1388,0.1591,0.1416,0.20327981,-0.050716005,0
418,0.081,0.0957,0.1134,0.1166,0.1258,0.1398,0.1426,0.1761,0.1484,0.1388,0.1591,0.1416,0.20327981,-0.050716005,0
419,0.081,0.0982,0.1136,0.1216,0.1258,0.1398,0.1426,0.1556,0.1484,0.1388,0.1591,0.1416,0.1226551,0.011121702,0
420,0.0765,0.0752,0.0876,0.0868,0.1131,0.1326,0.1469,0.1214,0.1484,0.1585,0.1703,0.1426,0.16618635,0.167638,0
421,0.081,0.0722,0.0886,0.0927,0.1102,0.1277,0.1319,0.1368,0.1388,0.1388,0.1597,0.1376,0.1921569,0.0772344,0
422,0.081,0.0805,0.0933,0.0977,0.1102,0.1277,0.1319,0.1534,0.1388,0.1388,0.1597,0.1376,0.22182399,0.020121373,0
423,0.081,0.0917,0.1058,0.1098,0.118,0.1355,0.139,0.141,0.1514,0.1388,0.1553,0.1337,0.124401905,0.048261907,0
424,0.081,0.083,0.0937,0.1042,0.118,0.1355,0.139,0.1404,0.1514,0.1388,0.1553,0.1337,0.14799677,0.050388902,0
425,0.081,0.0843,0.0921,0.0991,0.1258,0.1398,0.1426,0.1394,0.1484,0.1388,0.1591,0.1416,0.16897276,0.06599662,0
426,0.081,0.0843,0.0921,0.0991,0.1258,0.1398,0.1426,0.1394,0.1484,0.1388,0.1591,0.1416,0.16897276,0.06599662,0
427,0.081,0.0922,0.1102,0.1144,0.1258,0.1398,0.1426,0.1392,0.1484,0.1388,0.1591,0.1416,0.097791806,0.066711344,0
428,0.0765,0.0816,0.0987,0.1023,0.1314,0.1523,0.1542,0.141,0.1559,0.1585,0.1719,0.1493,0.15906288,0.0987536,0
429,0.0765,0.0731,0.0904,0.0885,0.1314,0.1523,0.1542,0.14,0.1559,0.1585,0.1719,0.1493,0.22538292,0.10227638,0
430,0.081,0.0793,0.0999,0.1006,0.1191,0.1333,0.1376,0.1625,0.1519,0.1388,0.17,0.144,0.23527175,0.022556415,0
431,0.081,0.0855,0.0958,0.103,0.1191,0.1333,0.1376,0.1436,0.1519,0.1388,0.17,0.144,0.1646391,0.08418367,0
432,0.081,0.0957,0.108,0.109,0.1188,0.1289,0.1353,0.1312,0.1418,0.1388,0.1649,0.1465,0.09242299,0.113812916,0
433,0.081,0.0965,0.1086,0.1174,0.1188,0.1289,0.1353,0.1432,0.1418,0.1388,0.1649,0.1465,0.099002294,0.07043171,0
434,0.081,0.0963,0.11,0.1102,0.1273,0.1282,0.1388,0.1368,0.1444,0.1388,0.1623,0.1411,0.107692316,0.085255764,0
435,0.081,0.0963,0.11,0.1102,0.1273,0.1282,0.1388,0.1368,0.1444,0.1388,0.1623,0.1411,0.107692316,0.085255764,0
436,0.0765,0.1248,0.1454,0.1578,0.1589,0.1716,0.1749,0.2034,0.1885,0.1585,0.2035,0.1778,0.12624584,2.457648E-4,0
437,0.0765,0.1096,0.1282,0.1316,0.1314,0.1523,0.1542,0.1644,0.1559,0.1585,0.1719,0.1493,0.11081077,0.02230154,0
438,0.0765,0.097,0.1128,0.1318,0.1314,0.1523,0.1542,0.176,0.1559,0.1585,0.1719,0.1493,0.14359975,-0.011784981,0
439,0.081,0.0919,0.1096,0.1078,0.1191,0.1333,0.1376,0.1549,0.1519,0.1388,0.17,0.144,0.17929196,0.046475846,0
440,0.081,0.0861,0.1028,0.106,0.1191,0.1333,0.1376,0.1512,0.1519,0.1388,0.17,0.144,0.17573872,0.058530528,0
441,0.081,0.0891,0.104,0.1136,0.1188,0.1289,0.1353,0.1467,0.1418,0.1388,0.1649,0.1465,0.12716095,0.05840825,0
442,0.081,0.0927,0.1,0.1158,0.1188,0.1289,0.1353,0.1509,0.1418,0.1388,0.1649,0.1465,0.13160856,0.04433185,0
443,0.081,0.104,0.116,0.126,0.1273,0.1282,0.1388,0.1537,0.1444,0.1388,0.1623,0.1411,0.09903465,0.027215226,0
444,0.081,0.1001,0.1168,0.1202,0.1273,0.1282,0.1388,0.1502,0.1444,0.1388,0.1623,0.1411,0.11094672,0.038720034,0
445,0.0829,0.0922,0.1114,0.1206,0.138,0.156,0.1623,0.1542,0.1654,0.1596,0.1923,0.1734,0.12227075,0.10995672,0
446,0.0829,0.1088,0.1252,0.1494,0.138,0.156,0.1623,0.2059,0.1654,0.1596,0.1923,0.1734,0.15902056,-0.03415367,0
447,0.0824,0.0961,0.1184,0.12,0.1408,0.147,0.1511,0.1711,0.1709,0.143,0.1928,0.1649,0.17554107,0.05963175,0
448,0.0824,0.0914,0.1052,0.1178,0.1408,0.147,0.1511,0.1642,0.1709,0.143,0.1928,0.1649,0.164539,0.08011207,0
449,0.0824,0.0896,0.1,0.1142,0.1357,0.1431,0.1507,0.1417,0.1514,0.143,0.1792,0.1619,0.10746384,0.11685882,0
450,0.0824,0.0887,0.0987,0.1098,0.1357,0.1431,0.1507,0.1387,0.1514,0.143,0.1792,0.1619,0.11629775,0.12739857,0
451,0.0824,0.104,0.114,0.1308,0.1357,0.14,0.1465,0.1578,0.1575,0.143,0.1769,0.1551,0.09355513,0.057066016,0
452,0.0824,0.1068,0.1242,0.1344,0.1357,0.14,0.1465,0.1666,0.1575,0.143,0.1769,0.1551,0.10697677,0.029985432,0
453,0.0824,0.1019,0.131,0.1412,0.1408,0.147,0.1511,0.1766,0.1709,0.143,0.1928,0.1649,0.11139078,0.04385492,0
454,0.0824,0.0973,0.1114,0.127,0.1408,0.147,0.1511,0.1554,0.1709,0.143,0.1928,0.1649,0.100566536,0.10740956,0
455,0.0824,0.1094,0.1268,0.1368,0.1357,0.1431,0.1507,0.1561,0.1514,0.143,0.1792,0.1619,0.06589279,0.06889349,0
456,0.0824,0.1032,0.122,0.1314,0.1357,0.1431,0.1507,0.1726,0.1514,0.143,0.1792,0.1619,0.1355263,0.018760638,0
457,0.0824,0.0868,0.1023,0.115,0.1357,0.14,0.1465,0.1526,0.1575,0.143,0.1769,0.1551,0.14050823,0.07374808,0
458,0.0824,0.0841,0.099,0.106,0.1357,0.14,0.1465,0.1569,0.1575,0.143,0.1769,0.1551,0.19360976,0.059916105,0
459,0.0824,0.0989,0.1136,0.1354,0.149,0.157,0.157,0.1682,0.1738,0.143,0.1946,0.1739,0.108036906,0.07276736,0
460,0.0824,0.1178,0.1362,0.157,0.1459,0.1627,0.1594,0.187,0.1646,0.143,0.1884,0.1738,0.0872093,0.003729339,0
461,0.0824,0.1188,0.1368,0.148,0.1459,0.1627,0.1594,0.1782,0.1646,0.143,0.1884,0.1738,0.09258125,0.027823223,0
462,0.0824,0.0887,0.1058,0.1122,0.1324,0.1397,0.1443,0.1498,0.1621,0.143,0.1868,0.1623,0.14351146,0.10992276,0
463,0.0824,0.086,0.0965,0.1116,0.1324,0.1397,0.1443,0.1526,0.1621,0.143,0.1868,0.1623,0.15518549,0.10076605,0
464,0.0824,0.1158,0.1348,0.1382,0.1459,0.1627,0.1594,0.18,0.1646,0.143,0.1884,0.1738,0.13136394,0.022801284,0
465,0.0824,0.0961,0.1132,0.126,0.1324,0.1397,0.1443,0.157,0.1621,0.143,0.1868,0.1623,0.10954064,0.0866783,0
466,0.0824,0.1058,0.119,0.1282,0.1324,0.1397,0.1443,0.1588,0.1621,0.143,0.1868,0.1623,0.10662025,0.08101851,0
467,0.0824,0.094,0.1086,0.12,0.1242,0.163,0.1715,0.1532,0.1899,0.143,0.1871,0.1521,0.12152271,0.099617966,0
468,0.0859,0.0944,0.1146,0.1302,0.143,0.1546,0.1602,0.1728,0.1695,0.1894,0.1942,0.1585,0.14059408,0.058310598,0
469,0.0859,0.1032,0.1232,0.1382,0.1577,0.1698,0.1769,0.1892,0.1955,0.1894,0.2028,0.1622,0.15577275,0.034693893,0
470,0.0859,0.1108,0.1328,0.1544,0.1577,0.1698,0.1769,0.2128,0.1955,0.1894,0.2028,0.1622,0.15904136,-0.024061576,0
471,0.0856,0.118,0.1418,0.1704,0.1852,0.1938,0.2168,0.2304,0.2271,0.1637,0.2537,0.2045,0.14970061,0.04813054,0
472,0.0856,0.1154,0.1402,0.1694,0.1852,0.1938,0.2168,0.231,0.2271,0.1637,0.2537,0.2045,0.15384614,0.046833057,0
473,0.0856,0.1164,0.1388,0.162,0.1573,0.176,0.1894,0.2189,0.2009,0.1637,0.2446,0.2037,0.14938302,0.055447686,0
474,0.0859,0.1013,0.12,0.133,0.143,0.1546,0.1602,0.182,0.1695,0.1894,0.1942,0.1585,0.15555555,0.032429554,0
475,0.0859,0.1013,0.12,0.133,0.143,0.1546,0.1602,0.182,0.1695,0.1894,0.1942,0.1585,0.15555555,0.032429554,0
476,0.0859,0.0884,0.1088,0.1168,0.143,0.1546,0.1602,0.1535,0.1695,0.1894,0.1942,0.1585,0.13577507,0.1170549,0
477,0.0859,0.0954,0.11,0.124,0.1577,0.1698,0.1769,0.16,0.1955,0.1894,0.2028,0.1622,0.12676056,0.11797136,0
478,0.0859,0.1118,0.1288,0.1564,0.1577,0.1698,0.1769,0.2018,0.1955,0.1894,0.2028,0.1622,0.12674487,0.0024715818,0
479,0.0856,0.1216,0.1412,0.1688,0.1852,0.1938,0.2168,0.2322,0.2271,0.1637,0.2537,0.2045,0.15810475,0.044247773,0
480,0.0856,0.1154,0.1388,0.1666,0.1852,0.1938,0.2168,0.2254,0.2271,0.1637,0.2537,0.2045,0.14999999,0.059069064,0
481,0.0856,0.109,0.1296,0.1464,0.1573,0.176,0.1894,0.2088,0.2009,0.1637,0.2446,0.2037,0.17567566,0.078958966,0
482,0.0856,0.0963,0.1128,0.1274,0.1573,0.176,0.1894,0.1798,0.2009,0.1637,0.2446,0.2037,0.17057294,0.15268613,0
483,0.0856,0.0949,0.1122,0.1198,0.1387,0.1559,0.1667,0.1793,0.1801,0.1637,0.2211,0.1948,0.1989301,0.10439562,0
484,0.0856,0.0949,0.1122,0.1198,0.1387,0.1559,0.1667,0.1793,0.1801,0.1637,0.2211,0.1948,0.1989301,0.10439562,0
485,0.0856,0.0959,0.1128,0.1242,0.1387,0.1559,0.1667,0.1722,0.1801,0.1637,0.2211,0.1948,0.1619433,0.12433259,0
486,0.0839,0.0943,0.1094,0.128,0.1442,0.156,0.1659,0.1718,0.1794,0.1714,0.2212,0.1978,0.14609738,0.12569974,0
487,0.0859,0.1144,0.135,0.1622,0.1663,0.1919,0.2066,0.2338,0.2314,0.1894,0.2634,0.2091,0.18080805,0.059533376,0
488,0.0859,0.1028,0.1282,0.1386,0.1527,0.1754,0.1881,0.2026,0.193,0.1894,0.2115,0.168,0.18757325,0.021492397,0
489,0.0859,0.0884,0.1096,0.1158,0.1527,0.1754,0.1881,0.1645,0.193,0.1894,0.2115,0.168,0.17374241,0.12500001,0
490,0.0859,0.0884,0.1096,0.1158,0.1527,0.1754,0.1881,0.1645,0.193,0.1894,0.2115,0.168,0.17374241,0.12500001,0
491,0.0859,0.0965,0.1136,0.1272,0.1473,0.1599,0.1713,0.1722,0.1802,0.1894,0.1774,0.1331,0.15030056,0.014874139,0
492,0.0859,0.1092,0.1294,0.155,0.1473,0.1599,0.1713,0.2024,0.1802,0.1894,0.1774,0.1331,0.1326245,-0.065824136,0
493,0.0856,0.1178,0.1362,0.1606,0.1668,0.1756,0.1861,0.2272,0.1957,0.1637,0.2219,0.1804,0.171738,-0.011801382,0
494,0.0856,0.1128,0.1342,0.1614,0.1668,0.1756,0.1861,0.2134,0.1957,0.1637,0.2219,0.1804,0.13874066,0.019526752,0
495,0.0856,0.1004,0.1214,0.1368,0.148,0.1581,0.1611,0.1844,0.1834,0.1637,0.2281,0.199,0.14819427,0.10593938,0
496,0.0856,0.0921,0.1078,0.1194,0.148,0.1581,0.1611,0.1724,0.1834,0.1637,0.2281,0.199,0.18163124,0.13907616,0
497,0.0856,0.0902,0.1048,0.1158,0.1323,0.1419,0.1492,0.1698,0.1591,0.1637,0.2084,0.1889,0.18907562,0.1020624,0
498,0.0856,0.0883,0.1048,0.1148,0.1323,0.1419,0.1492,0.1606,0.1591,0.1637,0.2084,0.1889,0.16630359,0.12953927,0
499,0.0856,0.0883,0.1048,0.1148,0.1323,0.1419,0.1492,0.1606,0.1591,0.1637,0.2084,0.1889,0.16630359,0.12953927,0
500,0.0839,0.0984,0.1078,0.1174,0.1325,0.1428,0.1498,0.1598,0.1565,0.1714,0.2093,0.1868,0.15295814,0.13411,0
501,0.0839,0.097,0.1126,0.1238,0.1325,0.1428,0.1498,0.1648,0.1565,0.1714,0.2093,0.1868,0.14206514,0.11895213,0
502,0.0839,0.0948,0.1124,0.1262,0.1384,0.1534,0.1632,0.173,0.1669,0.1714,0.216,0.1884,0.15641707,0.110539876,0
503,0.0839,0.0946,0.1132,0.129,0.1384,0.1534,0.1632,0.1694,0.1669,0.1714,0.216,0.1884,0.13538879,0.120913334,0
504,0.0839,0.1002,0.1182,0.1354,0.1499,0.1631,0.1711,0.1788,0.1824,0.1714,0.2305,0.1987,0.1381286,0.12631321,0
505,0.0839,0.1028,0.1228,0.1356,0.1523,0.1647,0.1755,0.1916,0.1914,0.1714,0.237,0.2022,0.17114913,0.10592629,0
506,0.0859,0.0974,0.113,0.133,0.1663,0.1919,0.2066,0.2132,0.2314,0.1894,0.2634,0.2091,0.231658,0.10532939,0
507,0.0859,0.11,0.1318,0.1528,0.1663,0.1919,0.2066,0.2392,0.2314,0.1894,0.2634,0.2091,0.22040817,0.048149608,0
508,0.0859,0.1072,0.1328,0.1464,0.1527,0.1754,0.1881,0.2286,0.193,0.1894,0.2115,0.168,0.21919997,-0.038854785,0
509,0.0859,0.0965,0.1154,0.1286,0.1527,0.1754,0.1881,0.2014,0.193,0.1894,0.2115,0.168,0.22060604,0.024461146,0
510,0.0859,0.0965,0.1154,0.1286,0.1527,0.1754,0.1881,0.2014,0.193,0.1894,0.2115,0.168,0.22060604,0.024461146,0
511,0.0859,0.0929,0.109,0.1224,0.1473,0.1599,0.1713,0.171,0.1802,0.1894,0.1774,0.1331,0.16564418,0.01836966,0
512,0.0859,0.0938,0.1144,0.1332,0.1473,0.1599,0.1713,0.1578,0.1802,0.1894,0.1774,0.1331,0.084536076,0.05847252,0
513,0.0856,0.1044,0.124,0.1412,0.1668,0.1756,0.1861,0.1844,0.1957,0.1637,0.2219,0.1804,0.13267814,0.09229632,0
514,0.0856,0.1034,0.125,0.1434,0.1668,0.1756,0.1861,0.1924,0.1957,0.1637,0.2219,0.1804,0.14592017,0.07120446,0
515,0.0856,0.099,0.1152,0.1334,0.148,0.1581,0.1611,0.1796,0.1834,0.1637,0.2281,0.199,0.14760385,0.11896002,0
516,0.0856,0.0976,0.1174,0.1362,0.148,0.1581,0.1611,0.1717,0.1834,0.1637,0.2281,0.199,0.11529719,0.14107053,0
517,0.0856,0.0946,0.1124,0.1234,0.1323,0.1419,0.1492,0.1602,0.1591,0.1637,0.2084,0.1889,0.12976022,0.13076505,0
518,0.0856,0.0923,0.105,0.1158,0.1323,0.1419,0.1492,0.1493,0.1591,0.1637,0.2084,0.1889,0.12636739,0.16522226,0
519,0.0856,0.0923,0.105,0.1158,0.1323,0.1419,0.1492,0.1493,0.1591,0.1637,0.2084,0.1889,0.12636739,0.16522226,0
520,0.0839,0.0927,0.1054,0.1166,0.1325,0.1428,0.1498,0.1521,0.1565,0.1714,0.2093,0.1868,0.1321176,0.15827338,0
521,0.0839,0.0956,0.1124,0.1214,0.1325,0.1428,0.1498,0.1614,0.1565,0.1714,0.2093,0.1868,0.14144273,0.12921497,0
522,0.0839,0.0939,0.1102,0.12,0.1384,0.1534,0.1632,0.17,0.1669,0.1714,0.216,0.1884,0.17241381,0.11917099,0
523,0.0839,0.0966,0.112,0.1242,0.1384,0.1534,0.1632,0.1724,0.1669,0.1714,0.216,0.1884,0.16250841,0.112255424,0
524,0.0839,0.1002,0.1216,0.1356,0.1499,0.1631,0.1711,0.1769,0.1824,0.1714,0.2305,0.1987,0.13216,0.13156603,0
525,0.0859,0.0936,0.1086,0.1208,0.151,0.1768,0.1945,0.21,0.2078,0.1894,0.2458,0.1935,0.2696493,0.078543246,0
526,0.0859,0.1009,0.1224,0.134,0.151,0.1768,0.1945,0.2326,0.2078,0.1894,0.2458,0.1935,0.268958,0.027591974,0
527,0.0859,0.11,0.1316,0.1492,0.1555,0.1875,0.1935,0.2374,0.2221,0.1894,0.2371,0.1885,0.22814275,-6.322238E-4,0
528,0.0859,0.1009,0.1244,0.1396,0.1555,0.1875,0.1935,0.227,0.2221,0.1894,0.2371,0.1885,0.238407,0.021762567,0
529,0.0859,0.1009,0.1244,0.1396,0.1555,0.1875,0.1935,0.227,0.2221,0.1894,0.2371,0.1885,0.238407,0.021762567,0
530,0.0859,0.0976,0.1166,0.1278,0.1493,0.1698,0.1796,0.203,0.1943,0.1894,0.2041,0.1673,0.22732766,0.002702048,0
531,0.0859,0.0921,0.111,0.1272,0.1493,0.1698,0.1796,0.167,0.1943,0.1894,0.2041,0.1673,0.13528208,0.09997306,0
532,0.0856,0.1036,0.1154,0.1306,0.1483,0.1614,0.1719,0.1738,0.1903,0.1637,0.2201,0.1888,0.14191853,0.117542505,0
533,0.0856,0.099,0.1172,0.1296,0.1483,0.1614,0.1719,0.177,0.1903,0.1637,0.2201,0.1888,0.15459882,0.10853689,0
534,0.0856,0.1026,0.1258,0.1356,0.145,0.1532,0.1677,0.1844,0.1791,0.1637,0.2305,0.2107,0.15250002,0.11111109,0
535,0.0856,0.101,0.1272,0.1464,0.145,0.1532,0.1677,0.1936,0.1791,0.1637,0.2305,0.2107,0.13882351,0.087007776,0
536,0.0856,0.096,0.1154,0.1252,0.133,0.1428,0.1527,0.1672,0.1613,0.1637,0.2106,0.196,0.14363883,0.11487561,0
537,0.0856,0.094,0.1058,0.1152,0.133,0.1428,0.1527,0.1503,0.1613,0.1637,0.2106,0.196,0.13220339,0.16708231,0
538,0.0856,0.094,0.1058,0.1152,0.133,0.1428,0.1527,0.1503,0.1613,0.1637,0.2106,0.196,0.13220339,0.16708231,0
539,0.0839,0.0954,0.1082,0.1182,0.1278,0.1359,0.1419,0.1485,0.1569,0.1714,0.2034,0.1842,0.1136108,0.15601024,0
540,0.0839,0.0949,0.1132,0.123,0.1278,0.1359,0.1419,0.161,0.1569,0.1714,0.2034,0.1842,0.1338028,0.11635566,0
541,0.0839,0.0946,0.1124,0.1216,0.1382,0.1507,0.1573,0.1614,0.1684,0.1714,0.2131,0.1866,0.14063606,0.13805072,0
542,0.0839,0.096,0.113,0.1248,0.1382,0.1507,0.1573,0.1666,0.1684,0.1714,0.2131,0.1866,0.14344546,0.1224651,0
543,0.0839,0.1026,0.1206,0.1328,0.143,0.1636,0.1726,0.1729,0.1837,0.1714,0.2297,0.2013,0.13117439,0.14108294,0
544,0.0859,0.0898,0.1124,0.1226,0.151,0.1768,0.1945,0.2202,0.2078,0.1894,0.2458,0.1935,0.28471413,0.054935623,0
545,0.0859,0.0976,0.1182,0.1306,0.1555,0.1875,0.1935,0.216,0.2221,0.1894,0.2371,0.1885,0.24639353,0.046568085,0
546,0.0859,0.0945,0.1196,0.1234,0.1555,0.1875,0.1935,0.2054,0.2221,0.1894,0.2371,0.1885,0.24939173,0.07163842,0
547,0.0859,0.0945,0.1196,0.1234,0.1555,0.1875,0.1935,0.2054,0.2221,0.1894,0.2371,0.1885,0.24939173,0.07163842,0
548,0.0859,0.0932,0.1152,0.1266,0.1493,0.1698,0.1796,0.1888,0.1943,0.1894,0.2041,0.1673,0.19720992,0.038941182,0
549,0.0859,0.1002,0.12,0.14,0.1493,0.1698,0.1796,0.2029,0.1943,0.1894,0.2041,0.1673,0.18343543,0.0029483796,0
550,0.0856,0.11,0.124,0.1438,0.1483,0.1614,0.1719,0.2042,0.1903,0.1637,0.2201,0.1888,0.1735632,0.03747349,0
551,0.0856,0.0973,0.1174,0.132,0.1483,0.1614,0.1719,0.1778,0.1903,0.1637,0.2201,0.1888,0.14783731,0.10630812,0
552,0.0856,0.0958,0.1102,0.1254,0.145,0.1532,0.1677,0.157,0.1791,0.1637,0.2305,0.2107,0.111898005,0.1896774,0
553,0.0856,0.0966,0.1192,0.1328,0.145,0.1532,0.1677,0.1724,0.1791,0.1637,0.2305,0.2107,0.12975098,0.14420451,0
554,0.0856,0.091,0.1116,0.1228,0.133,0.1428,0.1527,0.1624,0.1613,0.1637,0.2106,0.196,0.13884996,0.12922251,0
555,0.0856,0.091,0.1068,0.1132,0.133,0.1428,0.1527,0.1527,0.1613,0.1637,0.2106,0.196,0.1485521,0.1593724,0
556,0.0856,0.091,0.1068,0.1132,0.133,0.1428,0.1527,0.1527,0.1613,0.1637,0.2106,0.196,0.1485521,0.1593724,0
557,0.0839,0.094,0.1086,0.1188,0.1278,0.1359,0.1419,0.1565,0.1569,0.1714,0.2034,0.1842,0.13694151,0.13031399,0
558,0.0839,0.0952,0.1156,0.126,0.1278,0.1359,0.1419,0.165,0.1569,0.1714,0.2034,0.1842,0.13402063,0.10423451,0
559,0.0839,0.0962,0.1132,0.1244,0.1382,0.1507,0.1573,0.1663,0.1684,0.1714,0.2131,0.1866,0.14413485,0.12335267,0
560,0.0839,0.0927,0.111,0.1244,0.1382,0.1507,0.1573,0.1696,0.1684,0.1714,0.2131,0.1866,0.1537415,0.11366607,0
561,0.0839,0.0999,0.1182,0.1282,0.143,0.1636,0.1726,0.1756,0.1837,0.1714,0.2297,0.2013,0.15602374,0.13348135,0
562,0.0804,0.0932,0.1132,0.1196,0.1421,0.1604,0.1725,0.1858,0.1866,0.1938,0.233,0.1919,0.21676491,0.11270295,0
563,0.0804,0.0965,0.1152,0.1244,0.1421,0.1604,0.1725,0.1902,0.1866,0.1938,0.233,0.1919,0.2091545,0.1011342,0
564,0.0804,0.1021,0.1208,0.1352,0.1591,0.1823,0.1968,0.194,0.2043,0.1938,0.2426,0.1998,0.17861485,0.11131468,0
565,0.0804,0.1021,0.1208,0.1352,0.1591,0.1823,0.1968,0.194,0.2043,0.1938,0.2426,0.1998,0.17861485,0.11131468,0
566,0.0804,0.104,0.1294,0.1484,0.1591,0.1823,0.1968,0.2149,0.2043,0.1938,0.2426,0.1998,0.18304434,0.06054643,0
567,0.0844,0.1108,0.1342,0.1564,0.1562,0.1779,0.1913,0.222,0.2084,0.1831,0.241,0.2021,0.17336154,0.041036703,0
568,0.0844,0.1106,0.1318,0.1426,0.1562,0.1779,0.1913,0.2008,0.2084,0.1831,0.241,0.2021,0.16948166,0.090991385,0
569,0.0844,0.0946,0.1124,0.1262,0.138,0.1535,0.167,0.1837,0.1772,0.1831,0.2247,0.2016,0.18554369,0.1003918,0
570,0.0844,0.0967,0.1154,0.1272,0.138,0.1535,0.167,0.1902,0.1772,0.1831,0.2247,0.2016,0.19848768,0.08315257,0
571,0.0844,0.0968,0.1162,0.1328,0.1445,0.1531,0.1662,0.1786,0.1743,0.1831,0.2263,0.2072,0.14707771,0.117806874,0
572,0.0844,0.0974,0.117,0.1266,0.1445,0.1531,0.1662,0.1694,0.1743,0.1831,0.2263,0.2072,0.14459462,0.14379579,0
573,0.0869,0.0946,0.113,0.1236,0.1392,0.1487,0.1595,0.1564,0.1671,0.1969,0.2158,0.2003,0.11714285,0.15959165,0
574,0.0869,0.0946,0.113,0.1236,0.1392,0.1487,0.1595,0.1564,0.1671,0.1969,0.2158,0.2003,0.11714285,0.15959165,0
575,0.0869,0.0997,0.1146,0.1264,0.1392,0.1487,0.1595,0.1602,0.1671,0.1969,0.2158,0.2003,0.11793443,0.14787234,0
576,0.0869,0.0987,0.1118,0.1256,0.1468,0.1578,0.1659,0.1692,0.1729,0.1969,0.2247,0.1995,0.1478969,0.1408987,0
577,0.0869,0.0946,0.1148,0.1322,0.1468,0.1578,0.1659,0.1766,0.1729,0.1969,0.2247,0.1995,0.14378236,0.11986048,0
578,0.0869,0.1006,0.1228,0.14,0.1571,0.1708,0.1823,0.1942,0.2014,0.1969,0.2456,0.2127,0.16217832,0.11687132,0
579,0.0804,0.1021,0.1184,0.134,0.1421,0.1604,0.1725,0.1961,0.1866,0.1938,0.233,0.1919,0.18812479,0.08599394,0
580,0.0804,0.1048,0.1244,0.1406,0.1591,0.1823,0.1968,0.2107,0.2043,0.1938,0.2426,0.1998,0.19954458,0.0703728,0
581,0.0804,0.1048,0.1244,0.1406,0.1591,0.1823,0.1968,0.2107,0.2043,0.1938,0.2426,0.1998,0.19954458,0.0703728,0
582,0.0804,0.1013,0.1258,0.1372,0.1591,0.1823,0.1968,0.2246,0.2043,0.1938,0.2426,0.1998,0.24156994,0.03852738,0
583,0.0844,0.0975,0.119,0.132,0.1562,0.1779,0.1913,0.2148,0.2084,0.1831,0.241,0.2021,0.23875433,0.057481345,0
584,0.0844,0.0982,0.1124,0.1278,0.1562,0.1779,0.1913,0.1981,0.2084,0.1831,0.241,0.2021,0.21571033,0.097699836,0
585,0.0844,0.0958,0.111,0.1208,0.138,0.1535,0.167,0.1735,0.1772,0.1831,0.2247,0.2016,0.17906897,0.1285786,0
586,0.0844,0.091,0.1096,0.1226,0.138,0.1535,0.167,0.1669,0.1772,0.1831,0.2247,0.2016,0.15302245,0.14759962,0
587,0.0844,0.0997,0.1204,0.1382,0.1445,0.1531,0.1662,0.1852,0.1743,0.1831,0.2263,0.2072,0.14533088,0.09987848,0
588,0.0844,0.108,0.1264,0.1428,0.1445,0.1531,0.1662,0.1914,0.1743,0.1831,0.2263,0.2072,0.1454219,0.08355278,0
589,0.0869,0.0982,0.1118,0.1282,0.1392,0.1487,0.1595,0.1656,0.1671,0.1969,0.2158,0.2003,0.1272975,0.13162035,0
590,0.0869,0.0982,0.1118,0.1282,0.1392,0.1487,0.1595,0.1656,0.1671,0.1969,0.2158,0.2003,0.1272975,0.13162035,0
591,0.0869,0.1004,0.1144,0.1282,0.1392,0.1487,0.1595,0.162,0.1671,0.1969,0.2158,0.2003,0.116471425,0.1424034,0
592,0.0869,0.103,0.1172,0.1332,0.1468,0.1578,0.1659,0.171,0.1729,0.1969,0.2247,0.1995,0.12426035,0.13570887,0
593,0.0869,0.1054,0.1312,0.1416,0.1468,0.1578,0.1659,0.1858,0.1729,0.1969,0.2247,0.1995,0.13500306,0.09476249,0
594,0.0804,0.0949,0.1154,0.1284,0.1438,0.1618,0.1783,0.1844,0.1902,0.1938,0.2338,0.1953,0.17902815,0.11812527,0
595,0.0804,0.0921,0.1116,0.1218,0.1438,0.1618,0.1783,0.2028,0.1902,0.1938,0.2338,0.1953,0.24953791,0.071003176,0
596,0.0844,0.091,0.108,0.1168,0.1403,0.1618,0.1746,0.2014,0.1896,0.1831,0.2286,0.1913,0.2658705,0.06325581,0
597,0.0844,0.0919,0.1094,0.1188,0.1403,0.1618,0.1746,0.187,0.1896,0.1831,0.2286,0.1913,0.2230216,0.10009622,0
598,0.0844,0.0927,0.1084,0.1178,0.1299,0.1418,0.1539,0.1708,0.1648,0.1831,0.2158,0.2003,0.18364519,0.116399385,0
599,0.0844,0.0946,0.112,0.1256,0.1299,0.1418,0.1539,0.1602,0.1648,0.1831,0.2158,0.2003,0.1210637,0.14787234,0
600,0.0844,0.107,0.121,0.1344,0.1467,0.1575,0.1577,0.173,0.1738,0.1831,0.2303,0.2174,0.12556928,0.14207786,0
601,0.0844,0.108,0.1316,0.1476,0.1467,0.1575,0.1577,0.187,0.1738,0.1831,0.2303,0.2174,0.117752574,0.103762254,0
602,0.0869,0.1042,0.1258,0.141,0.1565,0.1737,0.1707,0.1866,0.1875,0.1969,0.2415,0.2243,0.13919413,0.12824108,0
603,0.0869,0.1042,0.1258,0.141,0.1565,0.1737,0.1707,0.1866,0.1875,0.1969,0.2415,0.2243,0.13919413,0.12824108,0
604,0.0869,0.1078,0.1304,0.1454,0.1565,0.1737,0.1707,0.1844,0.1875,0.1969,0.2415,0.2243,0.1182535,0.13406903,0
605,0.0869,0.103,0.1254,0.1442,0.1643,0.1799,0.1886,0.1872,0.2005,0.1969,0.2542,0.2241,0.12975256,0.1517898,0
606,0.0869,0.1042,0.1278,0.1472,0.1643,0.1799,0.1886,0.1942,0.2005,0.1969,0.2542,0.2241,0.1376684,0.13380913,0
607,0.0804,0.091,0.113,0.1262,0.1438,0.1618,0.1783,0.1912,0.1902,0.1938,0.2338,0.1953,0.2047889,0.100235276,0
608,0.0844,0.0952,0.1116,0.12,0.1403,0.1618,0.1746,0.1984,0.1896,0.1831,0.2286,0.1913,0.24623118,0.07072597,0
609,0.0844,0.0898,0.1076,0.115,0.1403,0.1618,0.1746,0.1709,0.1896,0.1831,0.2286,0.1913,0.1955229,0.14443052,0
610,0.0844,0.0902,0.108,0.1208,0.1299,0.1418,0.1539,0.1628,0.1648,0.1831,0.2158,0.2003,0.14809589,0.13998944,0
611,0.0844,0.096,0.1132,0.1264,0.1299,0.1418,0.1539,0.1579,0.1648,0.1831,0.2158,0.2003,0.11079849,0.1549371,0
612,0.0844,0.0982,0.1146,0.1266,0.1467,0.1575,0.1577,0.1598,0.1738,0.1831,0.2303,0.2174,0.11592178,0.1807229,0
613,0.0844,0.0995,0.1178,0.1326,0.1467,0.1575,0.1577,0.1659,0.1738,0.1831,0.2303,0.2174,0.11155783,0.16254413,0
614,0.0869,0.1068,0.1236,0.1442,0.1565,0.1737,0.1707,0.1844,0.1875,0.1969,0.2415,0.2243,0.122337215,0.13406903,0
615,0.0869,0.1068,0.1236,0.1442,0.1565,0.1737,0.1707,0.1844,0.1875,0.1969,0.2415,0.2243,0.122337215,0.13406903,0
616,0.0869,0.1176,0.1384,0.1582,0.1565,0.1737,0.1707,0.2012,0.1875,0.1969,0.2415,0.2243,0.119643845,0.091032326,0
617,0.0869,0.1176,0.1404,0.161,0.1643,0.1799,0.1886,0.2117,0.2005,0.1969,0.2542,0.2241,0.13603437,0.091221295,0
618,0.0869,0.1068,0.133,0.1522,0.1643,0.1799,0.1886,0.2104,0.2005,0.1969,0.2542,0.2241,0.16050746,0.09427467,0
619,0.0844,0.0952,0.1156,0.126,0.1463,0.161,0.1765,0.1864,0.1836,0.1831,0.2407,0.2024,0.19334185,0.12713653,0
620,0.0844,0.0921,0.1068,0.1182,0.1463,0.161,0.1765,0.1656,0.1836,0.1831,0.2407,0.2024,0.16701904,0.1848388,0
621,0.0844,0.0904,0.107,0.1188,0.1442,0.1581,0.1624,0.1586,0.1776,0.1831,0.2335,0.2117,0.14347513,0.1910227,0
622,0.0844,0.0879,0.1062,0.1192,0.1442,0.1581,0.1624,0.1554,0.1776,0.1831,0.2335,0.2117,0.1318281,0.20082286,0
623,0.0844,0.098,0.115,0.1276,0.1427,0.1554,0.165,0.1602,0.1797,0.1831,0.24,0.2158,0.11327311,0.19940029,0
624,0.0844,0.0996,0.119,0.1344,0.1427,0.1554,0.165,0.1792,0.1797,0.1831,0.24,0.2158,0.14285715,0.14503817,0
625,0.0869,0.1023,0.1192,0.1378,0.1575,0.1692,0.1812,0.1898,0.1926,0.1969,0.2522,0.2212,0.15873016,0.1411765,0
626,0.0869,0.1052,0.1276,0.1444,0.1575,0.1692,0.1812,0.1935,0.1926,0.1969,0.2522,0.2212,0.14530925,0.13170296,0
627,0.0869,0.1052,0.1276,0.1444,0.1575,0.1692,0.1812,0.1935,0.1926,0.1969,0.2522,0.2212,0.14530925,0.13170296,0
628,0.0869,0.1094,0.1372,0.1626,0.1707,0.1855,0.1996,0.2222,0.2078,0.1969,0.2663,0.231,0.15488568,0.09027633,0
629,0.0869,0.1094,0.1356,0.1584,0.1707,0.1855,0.1996,0.2131,0.2078,0.1969,0.2663,0.231,0.14724092,0.11097203,0
630,0.0844,0.0997,0.1132,0.1306,0.1463,0.161,0.1765,0.1922,0.1836,0.1831,0.2407,0.2024,0.19083023,0.11203511,0
631,0.0844,0.0996,0.1152,0.1316,0.1442,0.1581,0.1624,0.1848,0.1776,0.1831,0.2335,0.2117,0.16814156,0.11642363,0
632,0.0844,0.0995,0.1178,0.1356,0.1442,0.1581,0.1624,0.1816,0.1776,0.1831,0.2335,0.2117,0.14501892,0.12503012,0
633,0.0844,0.1,0.1212,0.1344,0.1427,0.1554,0.165,0.18,0.1797,0.1831,0.24,0.2158,0.1450382,0.14285712,0
634,0.0844,0.1004,0.1232,0.1376,0.1427,0.1554,0.165,0.1901,0.1797,0.1831,0.24,0.2158,0.1602075,0.116019525,0
635,0.0869,0.1028,0.1234,0.1376,0.1575,0.1692,0.1812,0.1972,0.1926,0.1969,0.2522,0.2212,0.1780167,0.12238542,0
636,0.0869,0.0986,0.1176,0.1356,0.1575,0.1692,0.1812,0.1945,0.1926,0.1969,0.2522,0.2212,0.17843078,0.12916948,0
637,0.0869,0.0986,0.1176,0.1356,0.1575,0.1692,0.1812,0.1945,0.1926,0.1969,0.2522,0.2212,0.17843078,0.12916948,0
638,0.0869,0.1022,0.1226,0.1396,0.1707,0.1855,0.1996,0.2076,0.2078,0.1969,0.2663,0.231,0.19585255,0.12386579,0
639,0.0869,0.109,0.1322,0.1548,0.1707,0.1855,0.1996,0.2138,0.2078,0.1969,0.2663,0.231,0.16006511,0.10935221,0
640,0.0803,0.1086,0.1236,0.1486,0.1554,0.1731,0.183,0.2116,0.2091,0.2125,0.2531,0.2161,0.17490286,0.08930493,0
641,0.0803,0.1098,0.129,0.1472,0.1554,0.1731,0.183,0.2046,0.2091,0.2125,0.2531,0.2161,0.16316089,0.10596461,0
642,0.0803,0.1036,0.1242,0.135,0.153,0.167,0.1805,0.1898,0.1904,0.2125,0.2472,0.2067,0.16871917,0.13135013,0
643,0.0803,0.1028,0.1228,0.1402,0.153,0.167,0.1805,0.1884,0.1904,0.2125,0.2472,0.2067,0.14668289,0.13498622,0
644,0.0874,0.1032,0.1258,0.14,0.1521,0.1755,0.1804,0.2034,0.1958,0.1988,0.2399,0.2037,0.18462434,0.082337,0
645,0.0874,0.1019,0.1224,0.1332,0.1521,0.1755,0.1804,0.2062,0.1958,0.1988,0.2399,0.2037,0.21508543,0.075543575,0
646,0.0874,0.1019,0.1224,0.1332,0.1521,0.1755,0.1804,0.2062,0.1958,0.1988,0.2399,0.2037,0.21508543,0.075543575,0
647,0.0874,0.0942,0.114,0.1252,0.1528,0.1685,0.1759,0.1902,0.1916,0.1988,0.2467,0.2101,0.2060875,0.12932022,0
648,0.0803,0.103,0.1192,0.1352,0.153,0.167,0.1805,0.1896,0.1904,0.2125,0.2472,0.2067,0.16748773,0.13186811,0
649,0.0803,0.1042,0.1216,0.136,0.153,0.167,0.1805,0.1858,0.1904,0.2125,0.2472,0.2067,0.15475447,0.14180137,0
650,0.0874,0.1028,0.1244,0.1426,0.1521,0.1755,0.1804,0.1966,0.1958,0.1988,0.2399,0.2037,0.15919812,0.09919814,0
651,0.0874,0.0997,0.1172,0.13,0.1521,0.1755,0.1804,0.194,0.1958,0.1988,0.2399,0.2037,0.1975309,0.105784714,0
652,0.0874,0.0997,0.1172,0.13,0.1521,0.1755,0.1804,0.194,0.1958,0.1988,0.2399,0.2037,0.1975309,0.105784714,0
653,0.0874,0.0977,0.1132,0.123,0.1528,0.1685,0.1759,0.1776,0.1916,0.1988,0.2467,0.2101,0.1816367,0.16285649,0
654,0.0803,0.0986,0.117,0.1282,0.145,0.159,0.1712,0.1916,0.1849,0.2125,0.2464,0.205,0.19824891,0.12511417,0
655,0.0874,0.0966,0.1166,0.1316,0.1453,0.1597,0.1697,0.1828,0.1865,0.1988,0.2384,0.2017,0.16284983,0.13200381,0
656,0.0874,0.0966,0.115,0.1306,0.1453,0.1597,0.1697,0.1814,0.1865,0.1988,0.2384,0.2017,0.16282049,0.13577893,0
657,0.0874,0.0984,0.1162,0.1346,0.1505,0.1627,0.1755,0.1794,0.1894,0.1988,0.2398,0.2038,0.14267516,0.14408399,0
658,0.0874,0.0984,0.1162,0.1346,0.1505,0.1627,0.1755,0.1794,0.1894,0.1988,0.2398,0.2038,0.14267516,0.14408399,0
659,0.0874,0.0961,0.1144,0.1288,0.1453,0.1597,0.1697,0.1781,0.1865,0.1988,0.2384,0.2017,0.16063865,0.1447779,0
660,0.0874,0.0993,0.115,0.1304,0.1453,0.1597,0.1697,0.1828,0.1865,0.1988,0.2384,0.2017,0.16730522,0.13200381,0
661,0.0874,0.104,0.122,0.1382,0.1505,0.1627,0.1755,0.1877,0.1894,0.1988,0.2398,0.2038,0.15188709,0.12187135,0
662,0.0874,0.104,0.122,0.1382,0.1505,0.1627,0.1755,0.1877,0.1894,0.1988,0.2398,0.2038,0.15188709,0.12187135,0
663,0.0874,0.0952,0.1138,0.1262,0.1458,0.1632,0.1708,0.1814,0.1815,0.1988,0.2405,0.2017,0.17945382,0.14008059,0
664,0.0874,0.1042,0.1198,0.1382,0.1522,0.1692,0.1788,0.1996,0.198,0.1988,0.2441,0.206,0.18176435,0.10029301,0
665,0.0874,0.1011,0.1206,0.144,0.1522,0.1692,0.1788,0.207,0.198,0.1988,0.2441,0.206,0.1794872,0.082243405,0
666,0.078,0.0921,0.1138,0.1366,0.1598,0.1887,0.2035,0.2342,0.2358,0.2689,0.3011,0.2314,0.26321468,0.12497663,0
667,0.078,0.1014,0.1318,0.1648,0.2145,0.2364,0.2527,0.272,0.2804,0.2689,0.3628,0.3097,0.24542126,0.14303716,0
668,0.078,0.0919,0.1216,0.1444,0.1867,0.2138,0.236,0.246,0.2603,0.2689,0.332,0.2607,0.26024592,0.1487889,0
669,0.078,0.0894,0.1132,0.1366,0.1867,0.2138,0.236,0.2382,0.2603,0.2689,0.332,0.2607,0.2710779,0.16450368,0
670,0.078,0.0894,0.1132,0.1366,0.1867,0.2138,0.236,0.2382,0.2603,0.2689,0.332,0.2607,0.2710779,0.16450368,0
671,0.078,0.1204,0.1566,0.2044,0.2123,0.2374,0.2517,0.2918,0.2913,0.2689,0.3631,0.3063,0.17613864,0.10887159,0
672,0.078,0.1216,0.1676,0.2136,0.2145,0.2364,0.2527,0.3023,0.2804,0.2689,0.3628,0.3097,0.17193256,0.09096376,0
673,0.078,0.1072,0.1446,0.187,0.2145,0.2364,0.2527,0.2872,0.2804,0.2689,0.3628,0.3097,0.21130323,0.11630769,0
674,0.078,0.0954,0.1224,0.1578,0.1867,0.2138,0.236,0.2632,0.2603,0.2689,0.332,0.2607,0.25035632,0.115591355,0
675,0.078,0.0923,0.1174,0.1454,0.1867,0.2138,0.236,0.2541,0.2603,0.2689,0.332,0.2607,0.2720901,0.13291246,0
676,0.078,0.0923,0.1174,0.1454,0.1867,0.2138,0.236,0.2541,0.2603,0.2689,0.332,0.2607,0.2720901,0.13291246,0
677,0.0747,0.096,0.1228,0.1474,0.1826,0.22,0.2391,0.2602,0.2632,0.2551,0.3174,0.2459,0.27674186,0.099030495,0
678,0.078,0.0959,0.1272,0.1626,0.2123,0.2374,0.2517,0.261,0.2913,0.2689,0.3631,0.3063,0.23229465,0.16359556,0
679,0.078,0.1076,0.1438,0.1842,0.2123,0.2374,0.2517,0.2797,0.2913,0.2689,0.3631,0.3063,0.20586334,0.12974484,0
680,0.078,0.1134,0.1456,0.197,0.2405,0.2618,0.2811,0.2871,0.3073,0.2689,0.3865,0.332,0.18611856,0.14756535,0
681,0.078,0.1204,0.1648,0.2108,0.2405,0.2618,0.2811,0.2994,0.3073,0.2689,0.3865,0.332,0.17365737,0.12698644,0
682,0.078,0.1108,0.1488,0.1858,0.2194,0.2482,0.2672,0.293,0.2951,0.2689,0.3635,0.2996,0.22389309,0.10738764,0
683,0.078,0.1036,0.135,0.166,0.2194,0.2482,0.2672,0.279,0.2951,0.2689,0.3635,0.2996,0.25393263,0.13151748,0
684,0.078,0.1036,0.135,0.166,0.2194,0.2482,0.2672,0.279,0.2951,0.2689,0.3635,0.2996,0.25393263,0.13151748,0
685,0.0747,0.1013,0.1308,0.1584,0.2004,0.2328,0.2515,0.2728,0.2816,0.2551,0.338,0.2687,0.26530612,0.10674525,0
686,0.0747,0.0976,0.1282,0.1536,0.2004,0.2328,0.2515,0.2654,0.2816,0.2551,0.338,0.2687,0.26682574,0.12031821,0
687,0.0699,0.0959,0.1194,0.14,0.1664,0.1899,0.2088,0.223,0.2197,0.219,0.2958,0.2441,0.22865015,0.14032382,0
688,0.0699,0.0953,0.1192,0.1452,0.1664,0.1899,0.2088,0.2451,0.2197,0.219,0.2958,0.2441,0.25595698,0.093732655,0
689,0.0776,0.0969,0.1258,0.1582,0.2021,0.2256,0.2483,0.263,0.271,0.2595,0.3484,0.2816,0.24881294,0.1396794,0
690,0.0776,0.1042,0.1382,0.1722,0.2021,0.2256,0.2483,0.2769,0.271,0.2595,0.3484,0.2816,0.23313294,0.11434512,0
691,0.0776,0.113,0.1402,0.1824,0.2235,0.2516,0.2659,0.2895,0.2952,0.2595,0.3647,0.2991,0.22695485,0.11494955,0
692,0.0776,0.1166,0.1596,0.1966,0.2235,0.2516,0.2659,0.3124,0.2952,0.2595,0.3647,0.2991,0.22750492,0.07724114,0
693,0.078,0.1208,0.1664,0.2096,0.2194,0.2482,0.2672,0.3178,0.2951,0.2689,0.3635,0.2996,0.20515735,0.06707767,0
694,0.078,0.113,0.1502,0.1868,0.2194,0.2482,0.2672,0.297,0.2951,0.2689,0.3635,0.2996,0.22778006,0.10068131,0
695,0.0747,0.1054,0.1386,0.1738,0.2004,0.2328,0.2515,0.2827,0.2816,0.2551,0.338,0.2687,0.23855421,0.089092955,0
696,0.0747,0.1054,0.1386,0.1738,0.2004,0.2328,0.2515,0.2827,0.2816,0.2551,0.338,0.2687,0.23855421,0.089092955,0
697,0.0747,0.0993,0.1324,0.1648,0.2004,0.2328,0.2515,0.2728,0.2816,0.2551,0.338,0.2687,0.24680072,0.10674525,0
698,0.0747,0.108,0.1334,0.1682,0.1879,0.2218,0.2334,0.277,0.2717,0.2551,0.3174,0.2482,0.24438456,0.06796769,0
699,0.0776,0.1038,0.1356,0.1684,0.2021,0.2256,0.2483,0.2843,0.271,0.2595,0.3484,0.2816,0.2560194,0.10131183,0
700,0.0776,0.1021,0.137,0.1698,0.2235,0.2516,0.2659,0.2821,0.2952,0.2595,0.3647,0.2991,0.2485063,0.12770563,0
701,0.0776,0.0991,0.1366,0.17,0.2235,0.2516,0.2659,0.2769,0.2952,0.2595,0.3647,0.2991,0.23920338,0.13684538,0
702,0.0776,0.103,0.1356,0.1704,0.2243,0.2512,0.2669,0.2761,0.2947,0.2595,0.359,0.2938,0.23673016,0.13053061,0
703,0.0776,0.114,0.1488,0.1912,0.2243,0.2512,0.2669,0.2971,0.2947,0.2595,0.359,0.2938,0.21687488,0.09434536,0
704,0.0714,0.1084,0.1478,0.1786,0.1965,0.2261,0.2436,0.2861,0.2727,0.2389,0.3398,0.2725,0.23133205,0.08579645,0
705,0.0714,0.1084,0.1478,0.1786,0.1965,0.2261,0.2436,0.2861,0.2727,0.2389,0.3398,0.2725,0.23133205,0.08579645,0
706,0.0714,0.1054,0.1366,0.1744,0.1965,0.2261,0.2436,0.2721,0.2727,0.2389,0.3398,0.2725,0.21881299,0.11063899,0
707,0.0714,0.1112,0.141,0.176,0.1979,0.2235,0.2433,0.2786,0.2733,0.2389,0.3327,0.2696,0.22569293,0.088499926,0
708,0.0714,0.1104,0.1416,0.1752,0.1979,0.2235,0.2433,0.2743,0.2733,0.2389,0.3327,0.2696,0.2204672,0.096210875,0
709,0.0714,0.093,0.121,0.149,0.1965,0.2261,0.2436,0.2501,0.2727,0.2389,0.3398,0.2725,0.25331992,0.1520597,0
710,0.0714,0.0984,0.1306,0.1566,0.1979,0.2235,0.2433,0.2574,0.2733,0.2389,0.3327,0.2696,0.24347828,0.1276055,0
711,0.0714,0.111,0.1378,0.1738,0.1979,0.2235,0.2433,0.2765,0.2733,0.2389,0.3327,0.2696,0.22807014,0.09225218,0
712,0.0714,0.113,0.14,0.1746,0.1775,0.207,0.2261,0.2707,0.2495,0.2389,0.3052,0.2469,0.21580957,0.059906237,0
713,0.062,0.0946,0.1216,0.1342,0.1519,0.1772,0.1922,0.2092,0.2022,0.2445,0.2366,0.2137,0.21840416,0.061462544,0
714,0.062,0.0937,0.123,0.1382,0.1519,0.1772,0.1922,0.2109,0.2022,0.2445,0.2366,0.2137,0.20824978,0.057430174,0
715,0.062,0.093,0.1214,0.136,0.1543,0.1818,0.1838,0.2071,0.2083,0.2445,0.2355,0.2108,0.2072282,0.06416626,0
716,0.062,0.093,0.1214,0.136,0.1543,0.1818,0.1838,0.2071,0.2083,0.2445,0.2355,0.2108,0.2072282,0.06416626,0
717,0.0745,0.0936,0.1246,0.1454,0.1622,0.1894,0.1975,0.2176,0.2165,0.2095,0.2598,0.23,0.19889806,0.08839545,0
718,0.0745,0.1004,0.1324,0.1488,0.1615,0.182,0.1971,0.223,0.2015,0.2095,0.2541,0.2321,0.19956967,0.06518547,0
719,0.0745,0.0919,0.121,0.1378,0.1615,0.182,0.1971,0.2035,0.2015,0.2095,0.2541,0.2321,0.1924993,0.110576905,0
720,0.0702,0.091,0.1142,0.1368,0.1507,0.1641,0.1728,0.1853,0.1766,0.1796,0.2414,0.232,0.15057431,0.13147414,0
721,0.0702,0.091,0.1142,0.1368,0.1507,0.1641,0.1728,0.1853,0.1766,0.1796,0.2414,0.232,0.15057431,0.13147414,0
722,0.0603,0.0903,0.1178,0.134,0.1448,0.1888,0.194,0.2037,0.2109,0.3554,0.2272,0.1967,0.2063962,0.054537006,0
723,0.0603,0.0903,0.1178,0.134,0.1448,0.1888,0.194,0.2037,0.2109,0.3554,0.2272,0.1967,0.2063962,0.054537006,0
724,0.0768,0.108,0.1386,0.1664,0.1654,0.2129,0.2264,0.2588,0.2474,0.226,0.2562,0.2196,0.2173095,-0.0050485716,0
725,0.0768,0.1056,0.1378,0.1702,0.1849,0.2151,0.2327,0.2584,0.2551,0.226,0.2938,0.2489,0.20578626,0.06410722,0
726,0.0768,0.1004,0.1338,0.161,0.1849,0.2151,0.2327,0.2552,0.2551,0.226,0.2938,0.2489,0.2263335,0.070309654,0
727,0.0768,0.1012,0.134,0.1612,0.1692,0.1997,0.2135,0.2462,0.2338,0.226,0.2873,0.2381,0.20864014,0.07703842,0
728,0.0768,0.1012,0.134,0.1612,0.1692,0.1997,0.2135,0.2462,0.2338,0.226,0.2873,0.2381,0.20864014,0.07703842,0
729,0.0768,0.0946,0.1288,0.1512,0.1692,0.1997,0.2135,0.2359,0.2338,0.226,0.2873,0.2381,0.21880652,0.098241575,0
730,0.0745,0.0903,0.1226,0.1476,0.173,0.1921,0.2069,0.2269,0.2262,0.2095,0.2756,0.232,0.211749,0.09691541,0
731,0.0745,0.0923,0.1162,0.1384,0.173,0.1921,0.2069,0.2264,0.2262,0.2095,0.2756,0.232,0.24122806,0.09800794,0
732,0.0745,0.0918,0.1116,0.1324,0.1622,0.1894,0.1975,0.2072,0.2165,0.2095,0.2598,0.23,0.22025912,0.112633795,0
733,0.0745,0.096,0.1256,0.1456,0.1622,0.1894,0.1975,0.2104,0.2165,0.2095,0.2598,0.23,0.18202245,0.10506165,0
734,0.0745,0.096,0.1232,0.1436,0.1615,0.182,0.1971,0.2084,0.2015,0.2095,0.2541,0.2321,0.1840909,0.09881081,0
735,0.0745,0.0918,0.1218,0.1432,0.1615,0.182,0.1971,0.1897,0.2015,0.2095,0.2541,0.2321,0.13968162,0.14511038,0
736,0.0702,0.0901,0.118,0.1394,0.1507,0.1641,0.1728,0.1859,0.1766,0.1796,0.2414,0.232,0.14294496,0.12988533,0
737,0.0702,0.0896,0.1112,0.138,0.1507,0.1641,0.1728,0.1779,0.1766,0.1796,0.2414,0.232,0.1263058,0.15144289,0
738,0.0702,0.0896,0.1112,0.138,0.1507,0.1641,0.1728,0.1779,0.1766,0.1796,0.2414,0.232,0.1263058,0.15144289,0
739,0.0768,0.0986,0.1224,0.1476,0.1781,0.2043,0.2186,0.2397,0.2403,0.226,0.3011,0.2485,0.23780018,0.11353547,0
740,0.0768,0.0923,0.1228,0.1496,0.1781,0.2043,0.2186,0.2406,0.2403,0.226,0.3011,0.2485,0.23321375,0.1116854,0
741,0.0768,0.0923,0.1228,0.1496,0.1781,0.2043,0.2186,0.2406,0.2403,0.226,0.3011,0.2485,0.23321375,0.1116854,0
742,0.0745,0.091,0.1182,0.1418,0.1663,0.187,0.2031,0.2333,0.222,0.2095,0.2796,0.2345,0.24393494,0.090270996,0
743,0.0745,0.0915,0.1152,0.1378,0.1663,0.187,0.2031,0.2158,0.222,0.2095,0.2796,0.2345,0.22058827,0.1287848,0
744,0.0745,0.0929,0.118,0.1394,0.1538,0.173,0.1844,0.2126,0.1994,0.2095,0.2391,0.2037,0.20795451,0.05866726,0
745,0.0745,0.0934,0.1162,0.137,0.1538,0.173,0.1844,0.2017,0.1994,0.2095,0.2391,0.2037,0.19102453,0.08484572,0
746,0.0745,0.0892,0.1118,0.1324,0.1428,0.1676,0.1776,0.2008,0.1899,0.2095,0.2281,0.204,0.20528209,0.063651204,0
747,0.0745,0.0892,0.1192,0.1342,0.1428,0.1676,0.1776,0.1922,0.1899,0.2095,0.2281,0.204,0.17769606,0.08541517,0
748,0.0702,0.094,0.1192,0.137,0.1501,0.162,0.1754,0.1906,0.1807,0.1796,0.2344,0.2234,0.16361417,0.10305885,0
749,0.0702,0.0933,0.116,0.1376,0.1501,0.162,0.1754,0.1772,0.1807,0.1796,0.2344,0.2234,0.12579416,0.13896987,0
750,0.0702,0.0933,0.116,0.1376,0.1501,0.162,0.1754,0.1772,0.1807,0.1796,0.2344,0.2234,0.12579416,0.13896987,0
751,0.0745,0.0942,0.118,0.1412,0.1663,0.187,0.2031,0.2115,0.222,0.2095,0.2796,0.2345,0.19931953,0.13866828,0
752,0.0745,0.0871,0.1214,0.1346,0.1538,0.173,0.1844,0.2007,0.1994,0.2095,0.2391,0.2037,0.1971369,0.0873124,0
753,0.0745,0.0834,0.1028,0.1162,0.1538,0.173,0.1844,0.1759,0.1994,0.2095,0.2391,0.2037,0.20438205,0.15228915,0
754,0.0745,0.0814,0.1058,0.1156,0.1428,0.1676,0.1776,0.1804,0.1899,0.2095,0.2281,0.204,0.21891893,0.11676867,0
755,0.0745,0.0832,0.1094,0.1202,0.1428,0.1676,0.1776,0.184,0.1899,0.2095,0.2281,0.204,0.20973043,0.10701286,0
756,0.0702,0.091,0.1156,0.1338,0.1501,0.162,0.1754,0.187,0.1807,0.1796,0.2344,0.2234,0.16583543,0.1124822,0
757,0.0702,0.0936,0.1166,0.1406,0.1501,0.162,0.1754,0.1806,0.1807,0.1796,0.2344,0.2234,0.12453302,0.12963855,0
758,0.0702,0.0936,0.1166,0.1406,0.1501,0.162,0.1754,0.1806,0.1807,0.1796,0.2344,0.2234,0.12453302,0.12963855,0
759,0.0702,0.0921,0.1134,0.1362,0.1469,0.1609,0.1685,0.1782,0.1772,0.1796,0.2369,0.2301,0.13358782,0.14141169,0
760,0.0717,0.0812,0.1024,0.1104,0.1225,0.1506,0.1576,0.1722,0.168,0.1959,0.1945,0.1632,0.21868365,0.060812667,0
761,0.0709,0.0847,0.107,0.1184,0.137,0.1561,0.1683,0.1778,0.1776,0.1791,0.2152,0.1906,0.20054017,0.09516541,0
762,0.0709,0.0865,0.1128,0.1282,0.137,0.1561,0.1683,0.1838,0.1776,0.1791,0.2152,0.1906,0.17820515,0.078696765,0
763,0.0709,0.0865,0.1128,0.1282,0.137,0.1561,0.1683,0.1838,0.1776,0.1791,0.2152,0.1906,0.17820515,0.078696765,0
764,0.0709,0.0895,0.1156,0.134,0.1494,0.1661,0.1711,0.1834,0.1839,0.1791,0.2362,0.2251,0.15563957,0.12583412,0
765,0.0709,0.091,0.1166,0.1376,0.1494,0.1661,0.1711,0.1834,0.1839,0.1791,0.2362,0.2251,0.14267913,0.12583412,0
766,0.0709,0.0859,0.1134,0.1282,0.1494,0.1661,0.1711,0.1842,0.1839,0.1791,0.2362,0.2251,0.1792574,0.12369172,0
767,0.0709,0.0859,0.1134,0.1282,0.1494,0.1661,0.1711,0.1842,0.1839,0.1791,0.2362,0.2251,0.1792574,0.12369172,0
768,0.0709,0.0903,0.1192,0.1376,0.1494,0.1661,0.1711,0.1852,0.1839,0.1791,0.2362,0.2251,0.14745973,0.12102515,0
