,0,1,2,3,4,5,6,7,8,9,10,11,12,13,14,15
0,0.0858,0.0897,0.1013,0.1124,0.1136,0.1274,0.1328,0.1378,0.1425,0.1676,0.1675,0.1552,0.06945394,0.10151875,0.0972814,0
1,0.0862,0.084,0.0947,0.1013,0.1242,0.1514,0.1486,0.1454,0.1623,0.1638,0.172,0.154,0.060425896,0.17875963,0.08380593,0
2,0.0862,0.1009,0.1214,0.1294,0.1242,0.1514,0.1486,0.1585,0.1623,0.1638,0.172,0.154,0.06675753,0.10107677,0.040847216,0
3,0.0862,0.0948,0.1136,0.116,0.1338,0.1795,0.1843,0.199,0.2003,0.1638,0.1705,0.1399,0.03853366,0.26349208,-0.07713127,0
4,0.0862,0.0653,0.0897,0.083,0.1338,0.1795,0.1843,0.2151,0.2003,0.1638,0.1705,0.1399,0.005133909,0.4431399,-0.11566392,0
5,0.0862,0.0761,0.0881,0.0905,0.1029,0.1468,0.1661,0.1895,0.1762,0.1638,0.1614,0.1306,0.028662868,0.35357144,-0.08007979,0
6,0.0862,0.0636,0.0808,0.0689,0.1029,0.1468,0.1661,0.2197,0.1762,0.1638,0.1614,0.1306,0.0011031766,0.5225225,-0.1529782,0
7,0.0862,0.0675,0.0819,0.0844,0.1029,0.1468,0.1661,0.1322,0.1762,0.1638,0.1614,0.1306,0.0544793,0.2206833,0.09945504,0
8,0.0878,0.0854,0.1003,0.1074,0.1264,0.1396,0.1377,0.1377,0.1494,0.1603,0.1793,0.16,0.06598873,0.123623036,0.13123025,0
9,0.0878,0.0999,0.1152,0.1256,0.1264,0.1396,0.1377,0.1696,0.1494,0.1603,0.1793,0.16,0.059572484,0.14905149,0.027801665,0
10,0.0858,0.0925,0.1042,0.114,0.1338,0.137,0.1448,0.1416,0.1532,0.1676,0.1843,0.1732,0.0695684,0.10798121,0.13102181,0
11,0.0858,0.0915,0.1074,0.11,0.1338,0.137,0.1448,0.1424,0.1532,0.1676,0.1843,0.1732,0.068290405,0.12836766,0.12825225,0
12,0.0862,0.0974,0.1182,0.1278,0.1408,0.1547,0.1572,0.1754,0.1711,0.1638,0.1961,0.1785,0.05419818,0.15699208,0.055720035,0
13,0.0862,0.111,0.122,0.136,0.1408,0.1547,0.1572,0.1834,0.1711,0.1638,0.1961,0.1785,0.060751297,0.14840324,0.03346506,0
14,0.0862,0.0901,0.1072,0.1064,0.1251,0.138,0.148,0.1678,0.1582,0.1638,0.1764,0.1533,0.05257662,0.22392413,0.024985507,0
15,0.0862,0.0811,0.0993,0.101,0.1251,0.138,0.148,0.1656,0.1582,0.1638,0.1764,0.1533,0.04646552,0.24231057,0.031578958,0
16,0.0862,0.0863,0.1082,0.1084,0.1212,0.1338,0.1416,0.1562,0.1445,0.1638,0.1704,0.1532,0.056116257,0.18065006,0.04347822,0
17,0.0862,0.0863,0.1082,0.1084,0.1212,0.1338,0.1416,0.1562,0.1445,0.1638,0.1704,0.1532,0.056116257,0.18065006,0.04347822,0
18,0.0862,0.0854,0.0971,0.106,0.1029,0.1468,0.1661,0.1512,0.1762,0.1638,0.1614,0.1306,0.058246482,0.17573872,0.032629587,0
19,0.0878,0.0935,0.1044,0.1154,0.1264,0.1396,0.1377,0.1622,0.1494,0.1603,0.1793,0.16,0.0585735,0.16858791,0.05007318,0
20,0.0878,0.0941,0.1124,0.112,0.1264,0.1396,0.1377,0.1509,0.1494,0.1603,0.1793,0.16,0.06554557,0.14796501,0.086008444,0
21,0.0878,0.0871,0.1005,0.1088,0.1292,0.142,0.1485,0.1464,0.1593,0.1603,0.1825,0.1675,0.06239192,0.14733543,0.1097598,0
22,0.0858,0.1092,0.129,0.1236,0.1326,0.1507,0.1512,0.16,0.1637,0.1676,0.1955,0.1864,0.07269664,0.12834978,0.099859364,0
23,0.0858,0.0879,0.1028,0.1098,0.1338,0.137,0.1448,0.1378,0.1532,0.1676,0.1843,0.1732,0.06797938,0.11308558,0.14436515,0
24,0.0858,0.1015,0.1118,0.1224,0.1338,0.137,0.1448,0.1622,0.1532,0.1676,0.1843,0.1732,0.0651271,0.1398454,0.063780665,0
25,0.0862,0.1108,0.1318,0.144,0.1408,0.1547,0.1572,0.1932,0.1711,0.1638,0.1961,0.1785,0.054967154,0.1459075,0.007449241,0
26,0.0862,0.0888,0.1066,0.1224,0.1408,0.1547,0.1572,0.1663,0.1711,0.1638,0.1961,0.1785,0.052371908,0.15206096,0.08222958,0
27,0.0862,0.0827,0.093,0.097,0.1251,0.138,0.148,0.1356,0.1582,0.1638,0.1764,0.1533,0.06498124,0.16595012,0.13076924,0
28,0.0862,0.0783,0.0908,0.101,0.1251,0.138,0.148,0.1221,0.1582,0.1638,0.1764,0.1533,0.06911901,0.09457642,0.18190955,0
29,0.0862,0.0897,0.104,0.1116,0.1212,0.1338,0.1416,0.1456,0.1445,0.1638,0.1704,0.1532,0.06498063,0.13219288,0.078480974,0
30,0.0862,0.0897,0.104,0.1116,0.1212,0.1338,0.1416,0.1456,0.1445,0.1638,0.1704,0.1532,0.06498063,0.13219288,0.078480974,0
31,0.0862,0.0941,0.1106,0.119,0.1212,0.1338,0.1416,0.1495,0.1445,0.1638,0.1704,0.1532,0.06634847,0.11359402,0.065332904,0
32,0.0878,0.0905,0.1023,0.11,0.1268,0.1313,0.1352,0.1548,0.1458,0.1603,0.1738,0.1617,0.0603598,0.16918428,0.057821084,0
33,0.0878,0.1042,0.123,0.1282,0.1268,0.1313,0.1352,0.1512,0.1458,0.1603,0.1738,0.1617,0.07364744,0.08231927,0.06953849,0
34,0.0878,0.0897,0.0937,0.1028,0.111,0.1213,0.125,0.1278,0.1397,0.1603,0.1698,0.1557,0.075188935,0.10841286,0.14112902,0
35,0.0878,0.0796,0.0852,0.0966,0.111,0.1213,0.125,0.1342,0.1397,0.1603,0.1698,0.1557,0.06324462,0.16291162,0.11710523,0
36,0.0878,0.0733,0.0866,0.0884,0.1199,0.1339,0.134,0.135,0.148,0.1603,0.1703,0.1553,0.057624854,0.20859447,0.11562397,0
37,0.0858,0.1386,0.1578,0.1692,0.146,0.1604,0.1633,0.2175,0.176,0.1676,0.2038,0.1808,0.06380487,0.124903016,-0.032518417,0
38,0.0858,0.098,0.114,0.1302,0.146,0.1604,0.1633,0.1639,0.176,0.1676,0.2038,0.1808,0.061284944,0.11458689,0.10851235,0
39,0.0858,0.0954,0.114,0.1234,0.1365,0.1425,0.1537,0.1608,0.1573,0.1676,0.1944,0.1782,0.060932882,0.13159744,0.094594605,0
40,0.0858,0.1066,0.118,0.1364,0.1365,0.1425,0.1537,0.1806,0.1573,0.1676,0.1944,0.1782,0.05875262,0.13943219,0.036799986,0
41,0.0862,0.1072,0.1218,0.1382,0.1413,0.1559,0.1608,0.1736,0.1717,0.1638,0.1971,0.1855,0.06325863,0.113534324,0.06339357,0
42,0.0862,0.093,0.111,0.1184,0.1413,0.1559,0.1608,0.1594,0.1717,0.1638,0.1971,0.1855,0.0597697,0.1475882,0.105750345,0
43,0.0862,0.0912,0.1048,0.1138,0.1184,0.1323,0.133,0.161,0.1536,0.1638,0.1774,0.1645,0.057377543,0.17176129,0.04846334,0
44,0.0862,0.0929,0.1126,0.1144,0.1184,0.1323,0.133,0.1524,0.1536,0.1638,0.1774,0.1645,0.06370228,0.1424288,0.07580349,0
45,0.0862,0.0915,0.1076,0.1152,0.1236,0.1313,0.1317,0.1486,0.1441,0.1638,0.1736,0.1615,0.0647347,0.12661107,0.077591576,0
46,0.0862,0.0915,0.1076,0.1152,0.1236,0.1313,0.1317,0.1486,0.1441,0.1638,0.1736,0.1615,0.0647347,0.12661107,0.077591576,0
47,0.0862,0.0934,0.1088,0.1226,0.1236,0.1313,0.1317,0.1522,0.1441,0.1638,0.1736,0.1615,0.06422658,0.10771471,0.06568448,0
48,0.0878,0.0938,0.1013,0.112,0.1274,0.1393,0.1382,0.1384,0.1535,0.1603,0.1835,0.171,0.07246856,0.1054313,0.14010563,0
49,0.0878,0.095,0.1158,0.1218,0.1268,0.1313,0.1352,0.1473,0.1458,0.1603,0.1738,0.1617,0.06834745,0.094760336,0.08252881,0
50,0.0878,0.0882,0.0984,0.1004,0.111,0.1213,0.125,0.13,0.1397,0.1603,0.1698,0.1557,0.072698444,0.1284722,0.13275519,0
51,0.0878,0.0844,0.0946,0.0958,0.111,0.1213,0.125,0.1165,0.1397,0.1603,0.1698,0.1557,0.07732773,0.097503535,0.18616836,0
52,0.0878,0.0869,0.0982,0.0952,0.1199,0.1339,0.134,0.1234,0.148,0.1603,0.1703,0.1553,0.075418584,0.12900275,0.15968676,0
53,0.0858,0.1078,0.1242,0.1324,0.146,0.1604,0.1633,0.1914,0.176,0.1676,0.2038,0.1808,0.053541854,0.18221124,0.031376485,0
54,0.0858,0.1078,0.1242,0.1324,0.146,0.1604,0.1633,0.1914,0.176,0.1676,0.2038,0.1808,0.053541854,0.18221124,0.031376485,0
55,0.0858,0.0896,0.1098,0.125,0.146,0.1604,0.1633,0.1648,0.176,0.1676,0.2038,0.1808,0.053887516,0.1373361,0.105805725,0
56,0.0858,0.0857,0.1009,0.115,0.1365,0.1425,0.1537,0.1526,0.1573,0.1676,0.1944,0.1782,0.057689335,0.14050823,0.12046107,0
57,0.0858,0.0893,0.0982,0.1154,0.1365,0.1425,0.1537,0.1528,0.1573,0.1676,0.1944,0.1782,0.060523763,0.13944815,0.119815685,0
58,0.0862,0.0979,0.1198,0.1302,0.1413,0.1559,0.1608,0.1644,0.1717,0.1638,0.1971,0.1855,0.060916286,0.116089605,0.09045644,0
59,0.0862,0.1008,0.1232,0.1396,0.1413,0.1559,0.1608,0.1765,0.1717,0.1638,0.1971,0.1855,0.056352615,0.11673521,0.055139203,0
60,0.0862,0.0846,0.0998,0.108,0.1184,0.1323,0.133,0.1603,0.1536,0.1638,0.1774,0.1645,0.05237227,0.19493105,0.050636634,0
61,0.0862,0.0789,0.0887,0.1021,0.1184,0.1323,0.133,0.1291,0.1536,0.1638,0.1774,0.1645,0.06559604,0.11678199,0.15758565,0
62,0.0862,0.0824,0.0946,0.0951,0.1236,0.1313,0.1317,0.1366,0.1441,0.1638,0.1736,0.1615,0.06416198,0.17911093,0.11927789,0
63,0.0862,0.0876,0.1168,0.1118,0.1236,0.1313,0.1317,0.143,0.1441,0.1638,0.1736,0.1615,0.06475142,0.122449,0.09665191,0
64,0.0862,0.0876,0.1168,0.1118,0.1236,0.1313,0.1317,0.143,0.1441,0.1638,0.1736,0.1615,0.06475142,0.122449,0.09665191,0
65,0.0878,0.1116,0.1302,0.1432,0.1274,0.1393,0.1382,0.1644,0.1535,0.1603,0.1835,0.171,0.07213932,0.06892068,0.054900862,0
66,0.0878,0.1094,0.1128,0.1218,0.1274,0.1393,0.1382,0.1572,0.1535,0.1603,0.1835,0.171,0.07446628,0.1268817,0.07719405,0
67,0.0878,0.0875,0.0999,0.1086,0.1293,0.1286,0.1421,0.1332,0.1502,0.1603,0.192,0.1777,0.0702898,0.101737,0.1808118,0
68,0.0878,0.0924,0.0996,0.111,0.1293,0.1286,0.1421,0.1324,0.1502,0.1603,0.192,0.1777,0.07476268,0.087921135,0.18372378,0
69,0.0878,0.1014,0.1078,0.1232,0.1342,0.1491,0.1537,0.1614,0.1641,0.1603,0.1902,0.1742,0.06550398,0.13422349,0.08191125,0
70,0.0879,0.071,0.0881,0.088,0.1036,0.1348,0.1474,0.1626,0.1548,0.1703,0.1573,0.1454,0.039912105,0.29768553,-0.01656768,0
71,0.0879,0.0747,0.0902,0.0999,0.1036,0.1348,0.1474,0.151,0.1548,0.1703,0.1573,0.1454,0.049595743,0.20366678,0.02043465,0
72,0.0879,0.0747,0.0902,0.0999,0.1036,0.1348,0.1474,0.151,0.1548,0.1703,0.1573,0.1454,0.049595743,0.20366678,0.02043465,0
73,0.0879,0.0756,0.0906,0.0926,0.12,0.1357,0.128,0.1338,0.1517,0.1703,0.1796,0.1629,0.06019722,0.18197878,0.14613912,0
74,0.0879,0.0848,0.1028,0.1154,0.12,0.1357,0.128,0.1444,0.1517,0.1703,0.1796,0.1629,0.061654758,0.11162432,0.108641975,0
75,0.0878,0.096,0.1214,0.1184,0.1438,0.156,0.1715,0.1736,0.1755,0.1558,0.2025,0.184,0.0540836,0.18904111,0.07684126,0
76,0.0878,0.0999,0.1246,0.1282,0.1438,0.156,0.1715,0.1613,0.1755,0.1558,0.2025,0.184,0.06433253,0.11433509,0.113249026,0
77,0.0878,0.0865,0.0975,0.1009,0.1215,0.1419,0.141,0.1393,0.1538,0.1558,0.1805,0.1724,0.065972246,0.15986678,0.1288305,0
78,0.0878,0.0855,0.0955,0.1028,0.1215,0.1419,0.141,0.1289,0.1538,0.1558,0.1805,0.1724,0.071117446,0.1126457,0.16677438,0
79,0.0878,0.0876,0.0965,0.1026,0.126,0.1381,0.14,0.1458,0.1514,0.1558,0.1719,0.1646,0.06314562,0.17391302,0.08215301,0
80,0.0878,0.0948,0.1162,0.1194,0.126,0.1381,0.14,0.1538,0.1514,0.1558,0.1719,0.1646,0.06445587,0.12591507,0.05557264,0
81,0.0878,0.0948,0.1162,0.1194,0.126,0.1381,0.14,0.1538,0.1514,0.1558,0.1719,0.1646,0.06445587,0.12591507,0.05557264,0
82,0.0883,0.111,0.1302,0.1382,0.1352,0.1456,0.1455,0.1678,0.1562,0.1569,0.1826,0.1719,0.0696979,0.09673201,0.04223748,0
83,0.0883,0.1052,0.1136,0.127,0.1352,0.1456,0.1455,0.1589,0.1562,0.1569,0.1826,0.1719,0.070050694,0.11157744,0.069399744,0
84,0.0883,0.0869,0.1022,0.1088,0.1275,0.141,0.1443,0.1493,0.1594,0.1569,0.188,0.1805,0.060564935,0.1569159,0.11473466,0
85,0.0878,0.0979,0.1086,0.1288,0.1293,0.1286,0.1421,0.1668,0.1502,0.1603,0.192,0.1777,0.059539877,0.1285521,0.0702341,0
86,0.0878,0.0916,0.1134,0.1238,0.1342,0.1491,0.1537,0.176,0.1641,0.1603,0.1902,0.1742,0.04910272,0.17411606,0.03877663,0
87,0.0879,0.0718,0.0832,0.0896,0.1036,0.1348,0.1474,0.1207,0.1548,0.1703,0.1573,0.1454,0.06459711,0.147884,0.13165465,0
88,0.0879,0.0718,0.0832,0.0896,0.1036,0.1348,0.1474,0.1207,0.1548,0.1703,0.1573,0.1454,0.06459711,0.147884,0.13165465,0
89,0.0879,0.0789,0.0853,0.0957,0.12,0.1357,0.128,0.1188,0.1517,0.1703,0.1796,0.1629,0.07150308,0.10769229,0.20375335,0
90,0.0879,0.0853,0.1017,0.115,0.12,0.1357,0.128,0.1462,0.1517,0.1703,0.1796,0.1629,0.061032057,0.11944869,0.102516875,0
91,0.0878,0.0792,0.105,0.1142,0.1438,0.156,0.1715,0.1964,0.1755,0.1558,0.2025,0.184,0.027245238,0.26464906,0.01529205,0
92,0.0878,0.1176,0.1258,0.1426,0.1438,0.156,0.1715,0.2018,0.1755,0.1558,0.2025,0.184,0.05560562,0.17189315,0.00173138,0
93,0.0878,0.1034,0.1236,0.1258,0.1215,0.1419,0.141,0.166,0.1538,0.1558,0.1805,0.1724,0.06450428,0.13776559,0.04184706,0
94,0.0878,0.096,0.1096,0.1184,0.1215,0.1419,0.141,0.1543,0.1538,0.1558,0.1805,0.1724,0.065152146,0.13164651,0.07825566,0
95,0.0878,0.0836,0.1082,0.1116,0.126,0.1381,0.14,0.1462,0.1514,0.1558,0.1719,0.1646,0.05963942,0.13421258,0.08079221,0
96,0.0878,0.0893,0.1032,0.1182,0.126,0.1381,0.14,0.1433,0.1514,0.1558,0.1719,0.1646,0.06597201,0.095984705,0.09073606,0
97,0.0878,0.0893,0.1032,0.1182,0.126,0.1381,0.14,0.1433,0.1514,0.1558,0.1719,0.1646,0.06597201,0.095984705,0.09073606,0
98,0.0883,0.1002,0.1064,0.126,0.1352,0.1456,0.1455,0.1586,0.1562,0.1569,0.1826,0.1719,0.066126734,0.11454673,0.070339985,0
99,0.0883,0.0971,0.1132,0.12,0.1352,0.1456,0.1455,0.1449,0.1562,0.1569,0.1826,0.1719,0.07144417,0.093997724,0.11511454,0
100,0.0883,0.0893,0.1046,0.1098,0.1275,0.141,0.1443,0.1356,0.1594,0.1569,0.188,0.1805,0.07038796,0.10513446,0.16192828,0
101,0.0883,0.0802,0.106,0.1112,0.1275,0.141,0.1443,0.1351,0.1594,0.1569,0.188,0.1805,0.06321999,0.097036175,0.16372636,0
102,0.0883,0.0874,0.1102,0.1226,0.1354,0.148,0.1537,0.1692,0.1574,0.1569,0.1831,0.1673,0.049561877,0.15969844,0.039455,0
103,0.0879,0.096,0.1064,0.1096,0.1196,0.1329,0.1525,0.1406,0.1535,0.1703,0.1779,0.1572,0.0730091,0.12390087,0.11711148,0
104,0.0879,0.096,0.1064,0.1096,0.1196,0.1329,0.1525,0.1406,0.1535,0.1703,0.1779,0.1572,0.0730091,0.12390087,0.11711148,0
105,0.0879,0.103,0.1208,0.1218,0.1445,0.1457,0.1522,0.1484,0.1601,0.1703,0.1927,0.1836,0.0742702,0.09844559,0.12987396,0
106,0.0879,0.1116,0.1328,0.14,0.1445,0.1457,0.1522,0.175,0.1601,0.1703,0.1927,0.1836,0.06606022,0.1111111,0.048137072,0
107,0.0878,0.0865,0.11,0.1136,0.1372,0.1509,0.1554,0.1744,0.1712,0.1558,0.1999,0.1801,0.045842398,0.21111111,0.06812717,0
108,0.0878,0.0987,0.1158,0.1192,0.1372,0.1509,0.1554,0.1629,0.1712,0.1558,0.1999,0.1801,0.06243189,0.15490961,0.10198457,0
109,0.0878,0.0904,0.1096,0.1198,0.122,0.1268,0.1375,0.1632,0.1453,0.1558,0.1739,0.1546,0.05546048,0.15335691,0.031741288,0
110,0.0878,0.0893,0.1005,0.1062,0.122,0.1268,0.1375,0.1462,0.1453,0.1558,0.1739,0.1546,0.06430886,0.1584786,0.08653543,0
111,0.0878,0.0841,0.1138,0.1116,0.1275,0.1283,0.1373,0.1468,0.14,0.1558,0.1626,0.152,0.059704922,0.13622291,0.051066577,0
112,0.0878,0.1156,0.119,0.1298,0.1275,0.1283,0.1373,0.1642,0.14,0.1558,0.1626,0.152,0.07553082,0.11700676,-0.0048959525,0
113,0.0878,0.1156,0.119,0.1298,0.1275,0.1283,0.1373,0.1642,0.14,0.1558,0.1626,0.152,0.07553082,0.11700676,-0.0048959525,0
114,0.0883,0.0929,0.1082,0.116,0.1267,0.1363,0.1334,0.1428,0.1437,0.1569,0.1701,0.1581,0.06920788,0.1035549,0.08724832,0
115,0.0883,0.0898,0.106,0.1124,0.1267,0.1363,0.1334,0.136,0.1437,0.1569,0.1701,0.1581,0.07056816,0.09500807,0.11140148,0
116,0.0883,0.1078,0.1186,0.1354,0.1226,0.132,0.1404,0.1627,0.1431,0.1569,0.1671,0.1574,0.07000131,0.09158001,0.013341419,0
117,0.0883,0.0838,0.108,0.1084,0.1226,0.132,0.1404,0.1295,0.1431,0.1569,0.1671,0.1574,0.06938071,0.088692725,0.12677005,0
118,0.0883,0.0954,0.106,0.117,0.1361,0.1349,0.1391,0.1324,0.1426,0.1569,0.1674,0.1591,0.077220276,0.061748225,0.11674448,0
119,0.0879,0.0898,0.0955,0.1058,0.1196,0.1329,0.1525,0.1574,0.1535,0.1703,0.1779,0.1572,0.05829526,0.19604862,0.061139293,0
120,0.0879,0.1108,0.127,0.1416,0.1445,0.1457,0.1522,0.1772,0.1601,0.1703,0.1927,0.1836,0.06414316,0.11166878,0.0419032,0
121,0.0879,0.1314,0.152,0.1636,0.1445,0.1457,0.1522,0.2014,0.1601,0.1703,0.1927,0.1836,0.06713998,0.10356164,-0.02207561,0
122,0.0878,0.0884,0.1018,0.1168,0.1372,0.1509,0.1554,0.1542,0.1712,0.1558,0.1999,0.1801,0.05898358,0.13800737,0.12905958,0
123,0.0878,0.0861,0.0967,0.1104,0.1372,0.1509,0.1554,0.1391,0.1712,0.1558,0.1999,0.1801,0.065759264,0.115030065,0.17935103,0
124,0.0878,0.0914,0.0976,0.111,0.122,0.1268,0.1375,0.1504,0.1453,0.1558,0.1739,0.1546,0.06362048,0.15072684,0.07246376,0
125,0.0878,0.0792,0.0855,0.0922,0.122,0.1268,0.1375,0.1188,0.1453,0.1558,0.1739,0.1546,0.07174884,0.12606633,0.18824734,0
126,0.0878,0.0904,0.1074,0.1144,0.1275,0.1283,0.1373,0.137,0.14,0.1558,0.1626,0.152,0.07048619,0.08989656,0.08544727,0
127,0.0878,0.0933,0.1042,0.1154,0.1275,0.1283,0.1373,0.1504,0.14,0.1558,0.1626,0.152,0.065176964,0.13167794,0.03897763,0
128,0.0878,0.0933,0.1042,0.1154,0.1275,0.1283,0.1373,0.1504,0.14,0.1558,0.1626,0.152,0.065176964,0.13167794,0.03897763,0
129,0.0883,0.0796,0.099,0.1046,0.1267,0.1363,0.1334,0.1193,0.1437,0.1569,0.1701,0.1581,0.07178977,0.06565432,0.1755356,0
130,0.0883,0.1034,0.114,0.1278,0.1267,0.1363,0.1334,0.1549,0.1437,0.1569,0.1701,0.1581,0.07087013,0.09586132,0.046769243,0
131,0.0883,0.0961,0.1118,0.1266,0.1226,0.132,0.1404,0.1488,0.1431,0.1569,0.1671,0.1574,0.06838832,0.08061004,0.057929713,0
132,0.0879,0.0858,0.0995,0.1014,0.1255,0.1317,0.1409,0.1602,0.1567,0.1703,0.1826,0.1676,0.05341266,0.22477064,0.065344244,0
133,0.0879,0.0884,0.1058,0.111,0.1441,0.144,0.1478,0.15,0.1585,0.1703,0.1935,0.1794,0.061392277,0.1494253,0.12663753,0
134,0.0879,0.1015,0.1282,0.1262,0.1441,0.144,0.1478,0.1538,0.1585,0.1703,0.1935,0.1794,0.0699445,0.0985714,0.1143104,0
135,0.0878,0.1013,0.1086,0.1232,0.1293,0.1457,0.1486,0.1518,0.1586,0.1558,0.1793,0.1736,0.07092766,0.104000024,0.08305644,0
136,0.0878,0.1034,0.1362,0.13,0.1293,0.1457,0.1486,0.1609,0.1586,0.1558,0.1793,0.1736,0.06742913,0.10622208,0.05408583,0
137,0.0878,0.0865,0.0965,0.108,0.1121,0.1276,0.1304,0.1434,0.1419,0.1558,0.1555,0.1451,0.063620895,0.14081144,0.040481754,0
138,0.0878,0.0716,0.083,0.0801,0.1121,0.1276,0.1304,0.1226,0.1419,0.1558,0.1555,0.1451,0.06334362,0.20966946,0.11830276,0
139,0.0878,0.0849,0.0998,0.102,0.1161,0.1199,0.1269,0.1482,0.1302,0.1558,0.155,0.1405,0.059557375,0.1846523,0.022427427,0
140,0.0878,0.0875,0.1034,0.1138,0.1161,0.1199,0.1269,0.1456,0.1302,0.1558,0.155,0.1405,0.0631784,0.12259063,0.031270776,0
141,0.0883,0.0869,0.109,0.1094,0.1176,0.1263,0.1236,0.1268,0.1313,0.1569,0.1569,0.1513,0.073468685,0.0736664,0.106097996,0
142,0.0883,0.0869,0.109,0.1094,0.1176,0.1263,0.1236,0.1268,0.1313,0.1569,0.1569,0.1513,0.073468685,0.0736664,0.106097996,0
143,0.0883,0.1009,0.1134,0.1222,0.1176,0.1263,0.1236,0.1409,0.1313,0.1569,0.1569,0.1513,0.07685113,0.07107565,0.05372734,0
144,0.0879,0.0875,0.1034,0.1214,0.1441,0.144,0.1478,0.1582,0.1585,0.1703,0.1935,0.1794,0.0559523,0.13161659,0.10036964,0
145,0.0879,0.106,0.1158,0.1394,0.1441,0.144,0.1478,0.1697,0.1585,0.1703,0.1935,0.1794,0.06451225,0.0980265,0.06552864,0
146,0.0878,0.1152,0.1268,0.1372,0.1293,0.1457,0.1486,0.1723,0.1586,0.1558,0.1793,0.1736,0.07055779,0.11340872,0.019908985,0
147,0.0878,0.0943,0.1162,0.1222,0.1293,0.1457,0.1486,0.1553,0.1586,0.1558,0.1793,0.1736,0.063186005,0.11927931,0.0717274,0
148,0.0878,0.0836,0.0954,0.105,0.1121,0.1276,0.1304,0.1408,0.1419,0.1558,0.1555,0.1451,0.06273632,0.14564689,0.049611866,0
149,0.0878,0.0772,0.0935,0.0909,0.1121,0.1276,0.1304,0.1484,0.1419,0.1558,0.1555,0.1451,0.053134847,0.24028416,0.023362953,0
150,0.0878,0.0813,0.0907,0.0943,0.1161,0.1199,0.1269,0.1456,0.1302,0.1558,0.155,0.1405,0.058099356,0.21383911,0.031270776,0
151,0.0878,0.0836,0.1015,0.111,0.1161,0.1199,0.1269,0.1278,0.1302,0.1558,0.155,0.1405,0.070191815,0.070351765,0.09618104,0
152,0.0883,0.0862,0.1015,0.0989,0.1176,0.1263,0.1236,0.1269,0.1313,0.1569,0.1569,0.1513,0.07283789,0.12400357,0.10570825,0
153,0.0883,0.0862,0.1015,0.0989,0.1176,0.1263,0.1236,0.1269,0.1313,0.1569,0.1569,0.1513,0.07283789,0.12400357,0.10570825,0
154,0.0822,0.0964,0.1148,0.1302,0.1323,0.1443,0.1446,0.1716,0.1652,0.1806,0.181,0.1657,0.05555828,0.13717695,0.02665909,0
155,0.0822,0.0846,0.1068,0.1174,0.1323,0.1443,0.1446,0.1522,0.1652,0.1806,0.181,0.1657,0.05701762,0.12908012,0.086434565,0
156,0.0907,0.0987,0.1132,0.1202,0.1358,0.1422,0.1482,0.1476,0.1524,0.155,0.1792,0.164,0.07120644,0.10231514,0.09669522,0
157,0.0907,0.0894,0.1058,0.1194,0.1358,0.1422,0.1482,0.1379,0.1524,0.155,0.1792,0.164,0.069150835,0.07190048,0.13024282,0
158,0.0907,0.0869,0.0978,0.107,0.1177,0.1306,0.1389,0.1384,0.1417,0.155,0.1606,0.1508,0.066816084,0.12795436,0.0742475,0
159,0.0907,0.0721,0.0898,0.0879,0.1177,0.1306,0.1389,0.1338,0.1417,0.155,0.1606,0.1508,0.05733002,0.20703655,0.09103263,0
160,0.0907,0.0777,0.0882,0.0954,0.1147,0.1296,0.1306,0.1302,0.1447,0.155,0.1616,0.147,0.06398214,0.15425533,0.10760794,0
161,0.0907,0.0809,0.0975,0.105,0.1147,0.1296,0.1306,0.1232,0.1447,0.155,0.1616,0.147,0.07061808,0.07975461,0.13483144,0
162,0.0822,0.0992,0.1064,0.1112,0.1323,0.1443,0.1446,0.1562,0.1652,0.1806,0.181,0.1657,0.06668394,0.16828725,0.07354682,0
163,0.0822,0.0824,0.1064,0.107,0.1323,0.1443,0.1446,0.14,0.1652,0.1806,0.181,0.1657,0.06221208,0.13360323,0.12772584,0
164,0.0907,0.104,0.1194,0.126,0.1358,0.1422,0.1482,0.1593,0.1524,0.155,0.1792,0.164,0.06883825,0.11671923,0.058788758,0
165,0.0907,0.1034,0.1266,0.1294,0.1358,0.1422,0.1482,0.1541,0.1524,0.155,0.1792,0.164,0.07132893,0.08712523,0.07530751,0
166,0.0907,0.0866,0.1026,0.1058,0.1177,0.1306,0.1389,0.1422,0.1417,0.155,0.1606,0.1508,0.064391024,0.14677416,0.060766228,0
167,0.0907,0.0772,0.0877,0.0908,0.1177,0.1306,0.1389,0.1266,0.1417,0.155,0.1606,0.1508,0.06563714,0.16467339,0.11838443,0
168,0.0907,0.0921,0.1108,0.107,0.1147,0.1296,0.1306,0.1471,0.1447,0.155,0.1616,0.147,0.06608647,0.15781188,0.046971146,0
169,0.0907,0.1072,0.1174,0.1324,0.1376,0.143,0.1522,0.1666,0.1575,0.155,0.1778,0.1635,0.06727313,0.11438126,0.032520313,0
170,0.0907,0.098,0.112,0.131,0.1376,0.143,0.1522,0.1556,0.1575,0.155,0.1778,0.1635,0.066045,0.085833915,0.066586696,0
171,0.0661,0.068,0.0954,0.0778,0.1163,0.1609,0.1668,0.1924,0.1802,0.1902,0.1621,0.1265,0.020364206,0.42413026,-0.08547247,0
172,0.0661,0.068,0.0929,0.0759,0.1145,0.1679,0.1879,0.1961,0.197,0.1902,0.1453,0.0854,0.018242255,0.44191173,-0.14879905,0
173,0.0661,0.0698,0.0954,0.0795,0.113,0.1648,0.1792,0.1912,0.1897,0.1902,0.1467,0.0876,0.022526955,0.41263393,-0.13169579,0
174,0.0661,0.0669,0.0919,0.0789,0.113,0.1648,0.1792,0.1824,0.1897,0.1902,0.1467,0.0876,0.025198078,0.39609644,-0.10847769,0
175,0.0661,0.0642,0.0938,0.0786,0.1145,0.1679,0.1879,0.1926,0.197,0.1902,0.1453,0.0854,0.01713654,0.42035398,-0.13998224,0
176,0.0661,0.068,0.0946,0.0771,0.113,0.1648,0.1792,0.187,0.1897,0.1902,0.1467,0.0876,0.0234611,0.41613027,-0.12076719,0
177,0.0661,0.0649,0.0935,0.0794,0.113,0.1648,0.1792,0.1889,0.1897,0.1902,0.1467,0.0876,0.019831937,0.4081252,-0.12574494,0
178,0.0721,0.0684,0.0946,0.0774,0.1117,0.1526,0.1682,0.1886,0.1798,0.1797,0.1564,0.1132,0.02287118,0.41804513,-0.093333356,0
179,0.0661,0.0703,0.0921,0.0762,0.108,0.1508,0.168,0.1939,0.1761,0.1902,0.1435,0.0882,0.021388106,0.43576452,-0.1493776,0
180,0.0661,0.0684,0.0894,0.0761,0.1063,0.1637,0.1819,0.1908,0.1908,0.1902,0.1409,0.0878,0.021609485,0.42974895,-0.15043713,0
181,0.0661,0.0662,0.0916,0.0747,0.1063,0.1637,0.1819,0.1938,0.1908,0.1902,0.1409,0.0878,0.01808674,0.44357544,-0.15805198,0
182,0.0721,0.0658,0.0901,0.0724,0.1018,0.1732,0.1896,0.1985,0.2062,0.1797,0.1398,0.0903,0.015063609,0.46548542,-0.17351466,0
183,0.0553,0.0538,0.0737,0.0544,0.094,0.2143,0.2372,0.2368,0.2574,0.2416,0.1252,0.0653,-0.016731838,0.62637365,-0.3082873,0
184,0.0553,0.0559,0.0763,0.0523,0.0966,0.2071,0.2334,0.2514,0.2427,0.2416,0.1292,0.0695,-0.023384616,0.6555812,-0.32107198,0
185,0.0553,0.0575,0.0737,0.0499,0.0966,0.2071,0.2334,0.2509,0.2427,0.2416,0.1292,0.0695,-0.02178715,0.6682181,-0.32017893,0
186,0.0586,0.0516,0.0739,0.0504,0.0951,0.1867,0.2093,0.2391,0.2191,0.1798,0.1285,0.0783,-0.019853124,0.65181345,-0.3008705,0
187,0.0553,0.0528,0.0731,0.0514,0.089,0.1877,0.2149,0.2374,0.2196,0.2064,0.1213,0.0642,-0.017895138,0.64404434,-0.3236688,0
188,0.0553,0.0552,0.0732,0.0544,0.089,0.1877,0.2149,0.2332,0.2196,0.2064,0.1213,0.0642,-0.01352036,0.62169677,-0.31565586,0
189,0.0553,0.0561,0.0739,0.0507,0.0935,0.2169,0.2406,0.2486,0.2508,0.2064,0.1184,0.0631,-0.021614984,0.66120946,-0.3547684,0
190,0.0553,0.053,0.0749,0.0488,0.0935,0.2169,0.2406,0.2535,0.2508,0.2064,0.1184,0.0631,-0.026964659,0.6771419,-0.36326972,0
191,0.0563,0.0506,0.0722,0.0503,0.0909,0.1929,0.214,0.2404,0.223,0.1824,0.1205,0.0719,-0.02141788,0.6539388,-0.332225,0
192,0.0563,0.0525,0.0715,0.0516,0.0909,0.1929,0.214,0.2133,0.223,0.1824,0.1205,0.0719,-0.004319554,0.61041903,-0.27801082,0
193,0.0553,0.0554,0.0728,0.0587,0.0913,0.1778,0.1922,0.1773,0.202,0.2064,0.1196,0.0657,0.018702125,0.5025424,-0.19434156,0
194,0.0553,0.0528,0.0703,0.0512,0.089,0.1877,0.2149,0.2114,0.2196,0.2064,0.1213,0.0642,-0.0029841415,0.6100533,-0.27081457,0
195,0.0553,0.053,0.0737,0.0509,0.089,0.1877,0.2149,0.2409,0.2196,0.2064,0.1213,0.0642,-0.019738548,0.6511309,-0.3302043,0
196,0.0553,0.0511,0.0739,0.0507,0.0935,0.2169,0.2406,0.2588,0.2508,0.2064,0.1184,0.0631,-0.031560678,0.6723748,-0.37221634,0
197,0.0553,0.0493,0.0739,0.0483,0.0935,0.2169,0.2406,0.2534,0.2508,0.2064,0.1184,0.0631,-0.029938338,0.6798144,-0.36309844,0
198,0.0563,0.0517,0.0706,0.0483,0.0909,0.1929,0.214,0.248,0.223,0.1824,0.1205,0.0719,-0.024875358,0.67397904,-0.34599727,0
199,0.0563,0.0518,0.0694,0.0504,0.0909,0.1929,0.214,0.2071,0.223,0.1824,0.1205,0.0719,-0.0013372911,0.6085437,-0.26434678,0
200,0.0553,0.0538,0.0736,0.0629,0.0917,0.1425,0.1511,0.1604,0.1636,0.2064,0.1209,0.0713,0.027083559,0.43663234,-0.1404195,0
201,0.0553,0.0569,0.0724,0.0638,0.0917,0.1425,0.1511,0.1616,0.1636,0.2064,0.1209,0.0713,0.028934883,0.4338953,-0.14407079,0
202,0.0553,0.0556,0.0719,0.0594,0.0874,0.1522,0.1718,0.1714,0.1788,0.2064,0.1192,0.0663,0.022249622,0.48526862,-0.17962834,0
203,0.0553,0.0509,0.0702,0.055,0.0874,0.1522,0.1718,0.1898,0.1788,0.2064,0.1192,0.0663,0.007846984,0.5506536,-0.22847895,0
204,0.0553,0.0491,0.0727,0.0537,0.0878,0.1847,0.2079,0.2249,0.2223,0.2064,0.1159,0.0626,-0.013757434,0.61450106,-0.3198357,0
205,0.0553,0.0495,0.0699,0.0475,0.0878,0.1847,0.2079,0.2541,0.2223,0.2064,0.1159,0.0626,-0.030175947,0.68501323,-0.3735135,0
206,0.0563,0.0526,0.0722,0.0483,0.0842,0.1809,0.2065,0.252,0.2151,0.1824,0.1199,0.0687,-0.026432082,0.67832166,-0.355203,0
207,0.0626,0.0606,0.076,0.0651,0.096,0.1412,0.156,0.1643,0.1648,0.175,0.1312,0.0856,0.030417474,0.4324324,-0.11201352,0
208,0.0553,0.0562,0.0724,0.0645,0.0917,0.1425,0.1511,0.1594,0.1636,0.2064,0.1209,0.0713,0.02962314,0.42384997,-0.13735285,0
209,0.0553,0.0579,0.0724,0.0639,0.0917,0.1425,0.1511,0.1648,0.1636,0.2064,0.1209,0.0713,0.027918879,0.44118932,-0.1536577,0
210,0.0553,0.0552,0.0744,0.0619,0.0874,0.1522,0.1718,0.163,0.1788,0.2064,0.1192,0.0663,0.026739338,0.44953313,-0.15520908,0
211,0.0553,0.0548,0.0713,0.0603,0.0874,0.1522,0.1718,0.163,0.1788,0.2064,0.1192,0.0663,0.026411658,0.4599194,-0.15520908,0
212,0.0553,0.0536,0.0717,0.058,0.0878,0.1847,0.2079,0.1859,0.2223,0.2064,0.1159,0.0626,0.012295467,0.5243953,-0.23194169,0
213,0.0553,0.0507,0.0673,0.0503,0.0878,0.1847,0.2079,0.222,0.2223,0.2064,0.1159,0.0626,-0.010783561,0.63055456,-0.31399822,0
214,0.0626,0.0573,0.0763,0.0639,0.0926,0.1358,0.1472,0.1618,0.161,0.175,0.1231,0.0728,0.029147863,0.43376163,-0.13583714,0
215,0.0553,0.055,0.0744,0.0633,0.0942,0.1377,0.1469,0.1594,0.1593,0.2064,0.1228,0.0715,0.028640099,0.43152225,-0.12969525,0
216,0.0553,0.055,0.0744,0.0633,0.0942,0.1377,0.1469,0.1594,0.1593,0.2064,0.1228,0.0715,0.028640099,0.43152225,-0.12969525,0
217,0.0553,0.0571,0.0738,0.0625,0.0942,0.1377,0.1469,0.161,0.1593,0.2064,0.1228,0.0715,0.029442823,0.44071588,-0.13460183,0
218,0.0553,0.0534,0.0745,0.0622,0.0929,0.1358,0.1465,0.1599,0.1612,0.2064,0.1229,0.0714,0.027042631,0.43989193,-0.13083449,0
219,0.0553,0.0555,0.0704,0.0622,0.0929,0.1358,0.1465,0.1603,0.1612,0.2064,0.1229,0.0714,0.02853355,0.4408989,-0.13206215,0
220,0.0553,0.0566,0.0703,0.0603,0.0919,0.1397,0.1551,0.1653,0.1674,0.2064,0.1188,0.0647,0.026567172,0.46542552,-0.16367476,0
221,0.0626,0.0559,0.0719,0.0628,0.0926,0.1358,0.1472,0.1559,0.161,0.175,0.1231,0.0728,0.03138463,0.42569733,-0.11756274,0
222,0.0553,0.0565,0.0756,0.0656,0.0942,0.1377,0.1469,0.159,0.1593,0.2064,0.1228,0.0715,0.030098302,0.41585037,-0.12845989,0
223,0.0553,0.0565,0.0756,0.0656,0.0942,0.1377,0.1469,0.159,0.1593,0.2064,0.1228,0.0715,0.030098302,0.41585037,-0.12845989,0
224,0.0553,0.0557,0.0744,0.0625,0.0942,0.1377,0.1469,0.1601,0.1593,0.2064,0.1228,0.0715,0.028812092,0.43845463,-0.13184871,0
225,0.0553,0.0544,0.0739,0.0644,0.0929,0.1358,0.1465,0.1641,0.1612,0.2064,0.1229,0.0714,0.025453128,0.43632385,-0.14355402,0
226,0.0553,0.0582,0.0756,0.0628,0.0929,0.1358,0.1465,0.1614,0.1612,0.2064,0.1229,0.0714,0.030114539,0.43978593,-0.13542034,0
227,0.0605,0.0558,0.0726,0.0625,0.0907,0.1332,0.1443,0.1591,0.1603,0.1771,0.1184,0.0696,0.02946751,0.43592057,-0.14666666,0
228,0.0557,0.0584,0.0739,0.0629,0.0952,0.137,0.1486,0.1607,0.1604,0.1774,0.1214,0.0705,0.030679835,0.43738818,-0.13931228,0
229,0.0557,0.0584,0.0739,0.0629,0.0952,0.137,0.1486,0.1607,0.1604,0.1774,0.1214,0.0705,0.030679835,0.43738818,-0.13931228,0
230,0.0557,0.0534,0.0755,0.0636,0.0952,0.137,0.1486,0.1574,0.1604,0.1774,0.1214,0.0705,0.02847638,0.42443436,-0.12912482,0
231,0.0557,0.0534,0.0738,0.0646,0.0926,0.138,0.1471,0.1528,0.1649,0.1774,0.1221,0.0712,0.031114483,0.40570375,-0.11167694,0
232,0.0557,0.0588,0.0732,0.0636,0.0952,0.137,0.1486,0.1593,0.1604,0.1774,0.1214,0.0705,0.03181041,0.42934048,-0.1350196,0
233,0.0557,0.0588,0.0732,0.0636,0.0952,0.137,0.1486,0.1593,0.1604,0.1774,0.1214,0.0705,0.03181041,0.42934048,-0.1350196,0
234,0.0557,0.0599,0.0758,0.063,0.1011,0.1482,0.1649,0.162,0.1724,0.1774,0.1336,0.0767,0.03116308,0.44,-0.096075796,0
235,0.0635,0.0681,0.1009,0.0902,0.1281,0.1685,0.1836,0.191,0.1957,0.2004,0.1559,0.0968,0.021249019,0.35846373,-0.101181895,0
236,0.0635,0.0703,0.1005,0.0885,0.1281,0.1685,0.1836,0.2008,0.1957,0.2004,0.1559,0.0968,0.017430957,0.38817835,-0.12587608,0
237,0.0635,0.067,0.104,0.0924,0.1281,0.1685,0.1836,0.2019,0.1957,0.2004,0.1559,0.0968,0.014096748,0.37206933,-0.12856345,0
238,0.0622,0.0686,0.0966,0.0871,0.1314,0.1791,0.1886,0.1984,0.2064,0.2088,0.1489,0.0866,0.017414715,0.3898424,-0.14252809,0
239,0.0622,0.0676,0.0978,0.087,0.1314,0.1791,0.1886,0.1974,0.2064,0.2088,0.1489,0.0866,0.017169015,0.38818568,-0.14005198,0
240,0.0635,0.0677,0.1018,0.0892,0.1355,0.1842,0.197,0.2032,0.212,0.2004,0.1548,0.0901,0.013924641,0.3898769,-0.13519554,0
241,0.0635,0.0677,0.1023,0.091,0.1355,0.1842,0.197,0.2064,0.212,0.2004,0.1548,0.0901,0.012089435,0.3880296,-0.14285716,0
242,0.0635,0.0685,0.103,0.0924,0.135,0.1762,0.1866,0.2092,0.2063,0.2004,0.1674,0.1053,0.011139001,0.3872679,-0.11099308,0
243,0.0622,0.0676,0.0996,0.0902,0.137,0.1838,0.1883,0.2025,0.2102,0.2088,0.1511,0.0892,0.014244167,0.3836693,-0.145362,0
244,0.0622,0.0667,0.1005,0.0876,0.1314,0.1791,0.1886,0.199,0.2064,0.2088,0.1489,0.0866,0.015514136,0.38869506,-0.1440069,0
245,0.0622,0.0681,0.1002,0.088,0.1314,0.1791,0.1886,0.2047,0.2064,0.2088,0.1489,0.0866,0.013392072,0.39870173,-0.15780541,0
246,0.0635,0.0705,0.1023,0.0912,0.1355,0.1842,0.197,0.2156,0.212,0.2004,0.1548,0.0901,0.009107002,0.40547588,-0.16414687,0
247,0.0635,0.0703,0.1038,0.092,0.1355,0.1842,0.197,0.2116,0.212,0.2004,0.1548,0.0901,0.011237155,0.3939394,-0.15502186,0
248,0.0635,0.0689,0.106,0.0941,0.135,0.1762,0.1866,0.2065,0.2063,0.2004,0.1674,0.1053,0.013015131,0.37391883,-0.10457339,0
249,0.0635,0.0689,0.106,0.0941,0.135,0.1762,0.1866,0.2065,0.2063,0.2004,0.1674,0.1053,0.013015131,0.37391883,-0.10457339,0
250,0.0627,0.0681,0.1004,0.0868,0.1347,0.1785,0.1887,0.2004,0.202,0.1986,0.1489,0.0868,0.015858121,0.39554316,-0.1474377,0
251,0.0627,0.0671,0.1026,0.0875,0.1377,0.186,0.1984,0.2012,0.2087,0.1986,0.1537,0.0869,0.014580127,0.3938344,-0.13384052,0
252,0.0627,0.0705,0.107,0.091,0.1377,0.186,0.1984,0.2151,0.2087,0.1986,0.1537,0.0869,0.009393748,0.40542307,-0.16648594,0
253,0.062,0.0731,0.1104,0.0948,0.1413,0.1837,0.2007,0.228,0.2129,0.2114,0.1594,0.0937,0.0041255206,0.41263938,-0.17707795,0
254,0.062,0.0705,0.1056,0.0961,0.1413,0.1837,0.2007,0.2135,0.2129,0.2114,0.1594,0.0937,0.010311355,0.37919894,-0.14507909,0
255,0.062,0.0705,0.1001,0.0915,0.1322,0.1703,0.1789,0.203,0.1971,0.2114,0.1591,0.0971,0.016333105,0.3786078,-0.121237226,0
256,0.062,0.0705,0.1001,0.0915,0.1322,0.1703,0.1789,0.203,0.1971,0.2114,0.1591,0.0971,0.016333105,0.3786078,-0.121237226,0
257,0.062,0.0635,0.0955,0.0883,0.1322,0.1703,0.1789,0.1874,0.1971,0.2114,0.1591,0.0971,0.019545302,0.35944867,-0.08167389,0
258,0.0627,0.0694,0.103,0.0902,0.1377,0.186,0.1984,0.205,0.2087,0.1986,0.1537,0.0869,0.014284979,0.3888889,-0.14301646,0
259,0.0627,0.0716,0.1084,0.093,0.1377,0.186,0.1984,0.2098,0.2087,0.1986,0.1537,0.0869,0.013334415,0.38573316,-0.1543329,0
260,0.062,0.0694,0.1096,0.0966,0.1413,0.1837,0.2007,0.217,0.2129,0.2114,0.1594,0.0937,0.007402982,0.38392854,-0.15302867,0
261,0.062,0.0718,0.1036,0.0926,0.1413,0.1837,0.2007,0.2066,0.2129,0.2114,0.1594,0.0937,0.015333463,0.38101602,-0.12896173,0
262,0.062,0.0713,0.098,0.091,0.1322,0.1703,0.1789,0.1954,0.1971,0.2114,0.1591,0.0971,0.02134706,0.36452514,-0.102397755,0
263,0.062,0.0713,0.098,0.091,0.1322,0.1703,0.1789,0.1954,0.1971,0.2114,0.1591,0.0971,0.02134706,0.36452514,-0.102397755,0
264,0.062,0.0694,0.0983,0.0928,0.1322,0.1703,0.1789,0.191,0.1971,0.2114,0.1591,0.0971,0.022313979,0.3460183,-0.09111684,0
265,0.057,0.0622,0.087,0.0731,0.1115,0.2177,0.2414,0.2543,0.247,0.2222,0.1343,0.0859,-0.01988681,0.5534514,-0.30880085,0
266,0.057,0.0558,0.0875,0.0631,0.1135,0.2037,0.2262,0.264,0.2321,0.2222,0.1535,0.1038,-0.03069264,0.6141853,-0.26467064,0
267,0.0627,0.0705,0.105,0.0919,0.1379,0.1862,0.1932,0.2085,0.2058,0.1986,0.1577,0.0922,0.013178852,0.38814914,-0.138722,0
268,0.062,0.0685,0.106,0.0946,0.1369,0.1717,0.1844,0.2055,0.2016,0.2114,0.1604,0.0957,0.013260944,0.3695435,-0.12325773,0
269,0.062,0.0705,0.1012,0.092,0.1369,0.1717,0.1844,0.1964,0.2016,0.2114,0.1604,0.0957,0.0201182,0.36199722,-0.10089686,0
270,0.062,0.0701,0.098,0.092,0.1394,0.1758,0.1837,0.1938,0.2063,0.2114,0.1626,0.0993,0.02128162,0.35619316,-0.08754211,0
271,0.062,0.0676,0.1003,0.0911,0.1394,0.1758,0.1837,0.1978,0.2063,0.2114,0.1626,0.0993,0.01693962,0.36933193,-0.09766926,0
272,0.057,0.0659,0.0875,0.0697,0.118,0.22,0.2359,0.2452,0.2488,0.2222,0.1402,0.0853,-0.0116369175,0.55731976,-0.2724442,0
273,0.057,0.0659,0.0875,0.0697,0.118,0.22,0.2359,0.2452,0.2488,0.2222,0.1402,0.0853,-0.0116369175,0.55731976,-0.2724442,0
274,0.057,0.063,0.088,0.0659,0.118,0.22,0.2359,0.2422,0.2488,0.2222,0.1402,0.0853,-0.0122921,0.5722168,-0.2667364,0
275,0.057,0.0611,0.0874,0.0656,0.115,0.2244,0.2384,0.2524,0.2542,0.2222,0.144,0.0873,-0.019698286,0.5874214,-0.2734612,0
276,0.057,0.0622,0.0874,0.0682,0.115,0.2244,0.2384,0.254,0.2542,0.2222,0.144,0.0873,-0.019714765,0.57666045,-0.27638194,0
277,0.0627,0.0708,0.1042,0.0929,0.1379,0.1862,0.1932,0.2086,0.2058,0.1986,0.1577,0.0922,0.013367259,0.38374794,-0.13895713,0
278,0.062,0.0689,0.0981,0.0915,0.1369,0.1717,0.1844,0.1932,0.2016,0.2114,0.1604,0.0957,0.020642674,0.35721815,-0.09276019,0
279,0.062,0.0664,0.0952,0.0916,0.1369,0.1717,0.1844,0.1889,0.2016,0.2114,0.1604,0.0957,0.021060733,0.34688056,-0.081591725,0
280,0.062,0.0691,0.0983,0.0896,0.1394,0.1758,0.1837,0.1998,0.2063,0.2114,0.1626,0.0993,0.01702142,0.38078785,-0.10264902,0
281,0.062,0.0735,0.105,0.0948,0.1394,0.1758,0.1837,0.2126,0.2063,0.2114,0.1626,0.0993,0.013285104,0.38321403,-0.13326226,0
282,0.0567,0.0614,0.0881,0.0683,0.1091,0.2196,0.2395,0.2494,0.2493,0.239,0.123,0.0717,-0.017732022,0.5700346,-0.33941996,0
283,0.057,0.0641,0.0865,0.0688,0.118,0.22,0.2359,0.2425,0.2488,0.2222,0.1402,0.0853,-0.011563037,0.5579826,-0.26731122,0
284,0.057,0.0641,0.0865,0.0688,0.118,0.22,0.2359,0.2425,0.2488,0.2222,0.1402,0.0853,-0.011563037,0.5579826,-0.26731122,0
285,0.057,0.0597,0.0866,0.0645,0.118,0.22,0.2359,0.2496,0.2488,0.2222,0.1402,0.0853,-0.019239355,0.5893028,-0.28065673,0
286,0.057,0.0597,0.086,0.0675,0.115,0.2244,0.2384,0.2482,0.2542,0.2222,0.144,0.0873,-0.018436458,0.5723788,-0.2656808,0
287,0.057,0.0622,0.0867,0.0684,0.115,0.2244,0.2384,0.2382,0.2542,0.2222,0.144,0.0873,-0.010653458,0.553816,-0.24646783,0
288,0.057,0.0615,0.0867,0.0666,0.1111,0.2013,0.2144,0.2476,0.2304,0.2222,0.149,0.095,-0.016617801,0.5760662,-0.24861321,0
289,0.0571,0.0587,0.0852,0.0667,0.1123,0.2176,0.2355,0.2406,0.2477,0.2246,0.1387,0.0842,-0.014897063,0.5658966,-0.26865283,0
290,0.0568,0.0574,0.083,0.0648,0.1176,0.2216,0.2361,0.2438,0.2502,0.2219,0.1393,0.0825,-0.01779722,0.5800389,-0.27277473,0
291,0.0568,0.0574,0.083,0.0648,0.1176,0.2216,0.2361,0.2438,0.2502,0.2219,0.1393,0.0825,-0.01779722,0.5800389,-0.27277473,0
292,0.0568,0.0576,0.0852,0.0642,0.1176,0.2216,0.2361,0.2518,0.2502,0.2219,0.1393,0.0825,-0.02222138,0.5936709,-0.2876502,0
293,0.0568,0.0608,0.0832,0.0644,0.1128,0.2211,0.2448,0.2451,0.2484,0.2219,0.135,0.0807,-0.015757494,0.5838449,-0.2896606,0
294,0.0568,0.0622,0.0846,0.0647,0.1128,0.2211,0.2448,0.2409,0.2484,0.2219,0.135,0.0807,-0.012201908,0.5765707,-0.28172383,0
295,0.0571,0.0574,0.0843,0.0655,0.1123,0.2176,0.2355,0.2468,0.2477,0.2246,0.1387,0.0842,-0.019517723,0.58053154,-0.2804151,0
296,0.0568,0.0558,0.0849,0.0644,0.1176,0.2216,0.2361,0.2524,0.2502,0.2219,0.1393,0.0825,-0.024040047,0.59343433,-0.28874138,0
297,0.0568,0.0604,0.0868,0.0673,0.1176,0.2216,0.2361,0.2596,0.2502,0.2219,0.1393,0.0825,-0.024400927,0.5882533,-0.30157936,0
298,0.0568,0.0604,0.0868,0.0673,0.1176,0.2216,0.2361,0.2596,0.2502,0.2219,0.1393,0.0825,-0.024400927,0.5882533,-0.30157936,0
299,0.0568,0.0601,0.0852,0.0635,0.1128,0.2211,0.2448,0.2597,0.2484,0.2219,0.135,0.0807,-0.02470403,0.6070545,-0.31593615,0
300,0.0571,0.0626,0.0862,0.0689,0.1105,0.1998,0.2171,0.2388,0.2269,0.2246,0.1506,0.0949,-0.010669881,0.5521612,-0.22650231,0
301,0.0571,0.0593,0.0838,0.0653,0.1105,0.1998,0.2171,0.2342,0.2269,0.2246,0.1506,0.0949,-0.010735139,0.56393987,-0.21725571,0
302,0.0568,0.0637,0.0865,0.0662,0.1165,0.2262,0.2401,0.2474,0.2551,0.2219,0.1409,0.0832,-0.014700862,0.5778061,-0.27427247,0
303,0.0568,0.0626,0.0888,0.0652,0.1165,0.2262,0.2401,0.2686,0.2551,0.2219,0.1409,0.0832,-0.02776017,0.60934687,-0.3118437,0
304,0.0568,0.0626,0.0888,0.0652,0.1165,0.2262,0.2401,0.2686,0.2551,0.2219,0.1409,0.0832,-0.02776017,0.60934687,-0.3118437,0
305,0.0568,0.0649,0.0875,0.0673,0.1165,0.2262,0.2401,0.2352,0.2551,0.2219,0.1409,0.0832,-0.006721119,0.5550413,-0.2507312,0
306,0.0568,0.0626,0.0868,0.063,0.1165,0.2262,0.2401,0.2505,0.2551,0.2219,0.1409,0.0832,-0.017379824,0.5980861,-0.28002042,0
307,0.0752,0.1026,0.1286,0.1328,0.1326,0.1297,0.1372,0.1856,0.1383,0.1366,0.1511,0.1299,0.052608322,0.16582915,-0.102465115,1
308,0.0768,0.1074,0.1322,0.1494,0.1343,0.1304,0.1527,0.1982,0.1407,0.1446,0.1614,0.1468,0.04931438,0.14039128,-0.102335915,1
309,0.0768,0.1112,0.1392,0.1494,0.1343,0.1304,0.1527,0.1986,0.1407,0.1446,0.1614,0.1468,0.05219794,0.14137931,-0.1033333,1
310,0.0768,0.103,0.1338,0.1354,0.1282,0.1532,0.1534,0.1858,0.1672,0.1446,0.1562,0.1551,0.0528213,0.1569116,-0.08654969,1
311,0.0768,0.1068,0.1444,0.155,0.1269,0.1384,0.144,0.2028,0.1466,0.1446,0.1508,0.1518,0.046184756,0.1335942,-0.14705883,1
312,0.0768,0.1132,0.1446,0.1514,0.1269,0.1384,0.144,0.1902,0.1466,0.1446,0.1508,0.1518,0.058653742,0.11358314,-0.11554251,1
313,0.0743,0.0936,0.1158,0.1252,0.1097,0.1086,0.1252,0.1667,0.1176,0.1504,0.1317,0.1208,0.056074664,0.14217198,-0.11729226,1
314,0.0743,0.0936,0.12,0.1342,0.1185,0.1355,0.1328,0.183,0.1498,0.1504,0.1513,0.1391,0.046726618,0.15384613,-0.09482501,1
315,0.0743,0.0987,0.1268,0.135,0.1185,0.1355,0.1328,0.1766,0.1498,0.1504,0.1513,0.1391,0.054574944,0.13350445,-0.07715766,1
316,0.0715,0.1028,0.1266,0.1376,0.1196,0.145,0.1427,0.1708,0.148,0.1376,0.1383,0.134,0.06125996,0.10765238,-0.105143964,1
317,0.0715,0.1064,0.126,0.1354,0.1196,0.145,0.1427,0.1749,0.148,0.1376,0.1383,0.134,0.06185773,0.12729616,-0.11685822,1
318,0.0708,0.1034,0.1264,0.1314,0.1203,0.1236,0.1192,0.1827,0.1328,0.1437,0.1384,0.1202,0.054926835,0.16332375,-0.13796322,1
319,0.0821,0.0982,0.131,0.1394,0.1243,0.1358,0.1337,0.1667,0.1467,0.1376,0.1595,0.1562,0.05984299,0.089186534,-0.022072356,1
320,0.0821,0.107,0.1356,0.1576,0.1243,0.1358,0.1337,0.1954,0.1467,0.1376,0.1595,0.1562,0.0505925,0.10708215,-0.101155244,1
321,0.0804,0.1082,0.141,0.158,0.1531,0.1686,0.163,0.2002,0.1821,0.1387,0.1894,0.1771,0.048822735,0.11781127,-0.02772075,1
322,0.0804,0.1222,0.1592,0.1838,0.1531,0.1686,0.163,0.241,0.1821,0.1387,0.1894,0.1771,0.03689274,0.1346516,-0.11988846,1
323,0.0781,0.1204,0.1566,0.1732,0.1462,0.1349,0.1559,0.23,0.1456,0.1454,0.1723,0.1591,0.041726675,0.14087303,-0.14342533,1
324,0.0804,0.1096,0.138,0.152,0.1311,0.1556,0.1643,0.2069,0.1683,0.1387,0.1645,0.1717,0.04612717,0.15296742,-0.11416263,1
325,0.0804,0.1112,0.1444,0.1538,0.1311,0.1556,0.1643,0.2137,0.1683,0.1387,0.1645,0.1717,0.04353809,0.16299321,-0.1300899,1
326,0.0804,0.1032,0.1248,0.141,0.1121,0.1358,0.1333,0.1918,0.1438,0.1387,0.1306,0.1245,0.049544144,0.15264422,-0.18982628,1
327,0.0797,0.105,0.1388,0.149,0.1144,0.1248,0.1292,0.185,0.1329,0.1385,0.1388,0.1466,0.054918498,0.10778443,-0.14268069,1
328,0.0797,0.105,0.1388,0.149,0.1144,0.1248,0.1292,0.185,0.1329,0.1385,0.1388,0.1466,0.054918498,0.10778443,-0.14268069,1
329,0.0797,0.1218,0.1506,0.1572,0.1408,0.1413,0.1358,0.2077,0.1472,0.1385,0.1682,0.149,0.05566261,0.1383941,-0.10508113,1
330,0.0781,0.102,0.1242,0.1356,0.1281,0.1367,0.1514,0.1561,0.1485,0.1388,0.1539,0.1555,0.069035046,0.0702777,-0.007096798,1
331,0.0781,0.1128,0.1406,0.155,0.1317,0.1524,0.1454,0.1986,0.1679,0.1388,0.162,0.1542,0.053508665,0.12330315,-0.101497486,1
332,0.0784,0.0846,0.1038,0.1172,0.1348,0.15,0.1572,0.1659,0.169,0.1797,0.2289,0.2116,0.049160667,0.17202403,0.15957445,0
333,0.0784,0.0846,0.1038,0.1172,0.1348,0.15,0.1572,0.1659,0.169,0.1797,0.2289,0.2116,0.049160667,0.17202403,0.15957445,0
334,0.0784,0.0815,0.1021,0.12,0.131,0.1502,0.1595,0.1638,0.1713,0.1797,0.2271,0.2069,0.0478255,0.15433405,0.16193399,0
335,0.0784,0.0857,0.1052,0.1172,0.131,0.1502,0.1595,0.1643,0.1713,0.1797,0.2271,0.2069,0.05097939,0.16731791,0.16044968,0
336,0.0784,0.0819,0.1052,0.1164,0.1348,0.15,0.1572,0.1616,0.169,0.1797,0.2289,0.2116,0.049414884,0.1625899,0.17234316,0
337,0.0784,0.0819,0.1052,0.1164,0.1348,0.15,0.1572,0.1616,0.169,0.1797,0.2289,0.2116,0.049414884,0.1625899,0.17234316,0
338,0.0784,0.0804,0.103,0.118,0.1348,0.15,0.1572,0.1641,0.169,0.1797,0.2289,0.2116,0.046752326,0.16341725,0.16488548,0
339,0.0695,0.0835,0.1034,0.1188,0.1354,0.1525,0.1623,0.1678,0.1771,0.1903,0.2282,0.2043,0.0471699,0.17096998,0.15252528,0
340,0.0784,0.0844,0.1052,0.1212,0.1346,0.1494,0.1559,0.1662,0.1692,0.1797,0.2381,0.2199,0.04882478,0.15657619,0.17783827,0
341,0.0784,0.0832,0.1052,0.12,0.1346,0.1494,0.1559,0.1634,0.1692,0.1797,0.2381,0.2199,0.049447544,0.15314043,0.18605234,0
342,0.0784,0.0844,0.1052,0.117,0.1315,0.1435,0.152,0.1618,0.1644,0.1797,0.229,0.2134,0.05134818,0.16068867,0.17195497,0
343,0.0784,0.0844,0.1052,0.117,0.1315,0.1435,0.152,0.1618,0.1644,0.1797,0.229,0.2134,0.05134818,0.16068867,0.17195497,0
344,0.0784,0.0834,0.1044,0.118,0.1315,0.1435,0.152,0.1616,0.1644,0.1797,0.229,0.2134,0.050643686,0.15593703,0.17255507,0
345,0.0695,0.0844,0.1052,0.1218,0.1354,0.1525,0.1623,0.1678,0.1771,0.1903,0.2282,0.2043,0.04790718,0.15883978,0.15252528,0
346,0.0784,0.0841,0.1056,0.12,0.1346,0.1494,0.1559,0.171,0.1692,0.1797,0.2381,0.2199,0.04582622,0.17525776,0.16401859,0
347,0.0784,0.0815,0.106,0.1226,0.1346,0.1494,0.1559,0.1686,0.1692,0.1797,0.2381,0.2199,0.045072705,0.15796703,0.17088766,0
348,0.0784,0.0834,0.1038,0.1186,0.1315,0.1435,0.152,0.1644,0.1644,0.1797,0.229,0.2134,0.049037885,0.16183743,0.16420947,0
349,0.0784,0.0802,0.1002,0.1166,0.1315,0.1435,0.152,0.1651,0.1644,0.1797,0.229,0.2134,0.046014994,0.17216896,0.1621416,0
350,0.0784,0.0802,0.1002,0.1166,0.1315,0.1435,0.152,0.1651,0.1644,0.1797,0.229,0.2134,0.046014994,0.17216896,0.1621416,0
351,0.0695,0.0824,0.1017,0.1196,0.1276,0.142,0.1513,0.1633,0.1633,0.1903,0.2239,0.2111,0.048849534,0.15447153,0.1565083,0
352,0.0784,0.0868,0.1064,0.1188,0.1337,0.1481,0.1564,0.17,0.166,0.1797,0.231,0.2209,0.04861156,0.17728533,0.15211971,0
353,0.0784,0.0846,0.1056,0.1238,0.1337,0.1481,0.1564,0.166,0.166,0.1797,0.231,0.2209,0.049103323,0.14561763,0.16372798,0
354,0.0784,0.0836,0.105,0.1196,0.1291,0.149,0.1524,0.1633,0.163,0.1797,0.2122,0.195,0.049832575,0.15447153,0.13022639,0
355,0.0784,0.0845,0.1011,0.1182,0.1291,0.149,0.1524,0.1641,0.163,0.1797,0.2122,0.195,0.050111048,0.16259302,0.12782353,0
356,0.0784,0.0845,0.1011,0.1182,0.1291,0.149,0.1524,0.1641,0.163,0.1797,0.2122,0.195,0.050111048,0.16259302,0.12782353,0
357,0.0695,0.0788,0.0979,0.1126,0.1276,0.142,0.1513,0.1537,0.1633,0.1903,0.2239,0.2111,0.051406015,0.1543372,0.18591104,0
358,0.0784,0.0813,0.103,0.1172,0.1337,0.1481,0.1564,0.1628,0.166,0.1797,0.231,0.2209,0.04823516,0.16285713,0.17318438,0
359,0.0784,0.086,0.1048,0.1194,0.1337,0.1481,0.1564,0.1651,0.166,0.1797,0.231,0.2209,0.050766356,0.16063266,0.16637217,0
360,0.0784,0.0819,0.1058,0.1188,0.1291,0.149,0.1524,0.1638,0.163,0.1797,0.2122,0.195,0.04815318,0.15923567,0.1287234,0
361,0.0705,0.0728,0.0979,0.1092,0.1195,0.1317,0.143,0.1508,0.1527,0.1835,0.1999,0.1845,0.04815396,0.16000001,0.1400057,0
362,0.0701,0.086,0.1108,0.12,0.1363,0.1528,0.1614,0.1686,0.1768,0.179,0.2317,0.2192,0.048759107,0.16839916,0.1576318,0
363,0.0701,0.0864,0.1092,0.116,0.1353,0.1518,0.162,0.165,0.1691,0.179,0.2264,0.2081,0.051151376,0.17437726,0.15687275,0
364,0.0701,0.0835,0.1064,0.114,0.1353,0.1518,0.162,0.1698,0.1691,0.179,0.2264,0.2081,0.0460229,0.19661734,0.14285715,0
365,0.0701,0.0842,0.1086,0.1196,0.1363,0.1528,0.1614,0.1723,0.1768,0.179,0.2317,0.2192,0.045162596,0.18054128,0.14702973,0
366,0.0701,0.0891,0.1078,0.117,0.1353,0.1518,0.162,0.1662,0.1691,0.179,0.2264,0.2081,0.052675024,0.17372881,0.15333675,0
367,0.0701,0.0857,0.1094,0.1142,0.1353,0.1518,0.162,0.1646,0.1691,0.179,0.2264,0.2081,0.05080734,0.18077473,0.15805627,0
368,0.0685,0.0846,0.1062,0.1152,0.1249,0.1554,0.1675,0.1697,0.1802,0.1778,0.202,0.1691,0.046981372,0.19129519,0.086898066,0
369,0.0685,0.0846,0.1062,0.1152,0.1249,0.1554,0.1675,0.1697,0.1802,0.1778,0.202,0.1691,0.046981372,0.19129519,0.086898066,0
370,0.0701,0.0846,0.1086,0.1174,0.1355,0.1517,0.158,0.172,0.1746,0.179,0.2324,0.2233,0.045662317,0.18866622,0.14935705,0
371,0.0701,0.0891,0.1076,0.1212,0.1338,0.1495,0.1585,0.1662,0.165,0.179,0.2236,0.2192,0.052675024,0.15657619,0.14725502,0
372,0.0701,0.088,0.1094,0.122,0.1338,0.1495,0.1585,0.1662,0.165,0.179,0.2236,0.2192,0.051773902,0.1533657,0.14725502,0
373,0.0685,0.0874,0.1076,0.1182,0.1318,0.145,0.1536,0.1662,0.166,0.1778,0.2079,0.1937,0.05128238,0.16877638,0.11146754,0
374,0.0685,0.0874,0.1076,0.1182,0.1318,0.145,0.1536,0.1662,0.166,0.1778,0.2079,0.1937,0.05128238,0.16877638,0.11146754,0
375,0.0701,0.0857,0.109,0.1184,0.1355,0.1517,0.158,0.1741,0.1746,0.179,0.2324,0.2233,0.04535909,0.19042735,0.14341944,0
376,0.0701,0.0837,0.106,0.1166,0.1338,0.1495,0.1585,0.1698,0.165,0.179,0.2236,0.2192,0.04618674,0.1857542,0.13675648,0
377,0.0701,0.0854,0.1062,0.116,0.1338,0.1495,0.1585,0.1659,0.165,0.179,0.2236,0.2192,0.049816027,0.17701316,0.14813861,0
378,0.0685,0.0837,0.1034,0.1154,0.1318,0.145,0.1536,0.1646,0.166,0.1778,0.2079,0.1937,0.04916894,0.17571428,0.11624162,0
379,0.0685,0.0781,0.1017,0.107,0.1318,0.145,0.1536,0.1575,0.166,0.1778,0.2079,0.1937,0.048653275,0.19092627,0.13793105,0
380,0.0701,0.0866,0.1054,0.1142,0.1223,0.1419,0.1536,0.1685,0.1633,0.179,0.1931,0.1661,0.049307965,0.19207641,0.06803097,0
381,0.0732,0.0969,0.1394,0.1832,0.2012,0.2206,0.2406,0.258,0.247,0.2514,0.315,0.2781,0.0064174887,0.16953759,0.099476464,0
382,0.0732,0.0944,0.1364,0.175,0.1829,0.2366,0.2538,0.2512,0.2621,0.2514,0.2665,0.2218,0.008269289,0.17878929,0.029553808,0
383,0.0732,0.0963,0.1464,0.1914,0.1991,0.217,0.2346,0.2646,0.2438,0.2514,0.3171,0.2842,0.0021408538,0.16052632,0.090252675,0
384,0.0732,0.0975,0.1472,0.1928,0.228,0.252,0.2647,0.2688,0.2759,0.2514,0.3475,0.3083,7.152026E-4,0.1646447,0.12769756,0
385,0.0732,0.0992,0.1464,0.182,0.228,0.252,0.2647,0.2614,0.2759,0.2514,0.3475,0.3083,0.006351734,0.17907085,0.1414025,0
386,0.0732,0.1034,0.1524,0.1998,0.1991,0.217,0.2346,0.2733,0.2438,0.2514,0.3171,0.2842,0.0029677341,0.15535825,0.07418699,0
387,0.0732,0.1056,0.1628,0.2142,0.228,0.252,0.2647,0.2938,0.2759,0.2514,0.3475,0.3083,-0.006986778,0.15669289,0.08373616,0
388,0.0732,0.1116,0.1678,0.2186,0.228,0.252,0.2647,0.2922,0.2759,0.2514,0.3475,0.3083,-0.0011539822,0.14408769,0.08644677,0
389,0.0732,0.0987,0.1372,0.1656,0.1571,0.2068,0.2142,0.2561,0.2393,0.2514,0.2529,0.2006,0.008981692,0.21460754,-0.006286826,0
390,0.0764,0.1084,0.1678,0.2198,0.2554,0.2725,0.2899,0.3012,0.2947,0.2634,0.3812,0.3469,-0.008936919,0.15623802,0.11723327,0
391,0.0764,0.1136,0.173,0.2232,0.2554,0.2725,0.2899,0.3062,0.2947,0.2634,0.3812,0.3469,-0.007544578,0.15678127,0.109106764,0
392,0.0764,0.1036,0.1488,0.1856,0.2031,0.2286,0.2433,0.2744,0.2586,0.2634,0.3169,0.273,0.0025007247,0.19304347,0.07187556,0
393,0.0764,0.1032,0.163,0.2194,0.2554,0.2725,0.2899,0.3047,0.2947,0.2634,0.3812,0.3469,-0.015203999,0.16275518,0.11153229,0
394,0.0764,0.1134,0.1736,0.2288,0.2554,0.2725,0.2899,0.3084,0.2947,0.2634,0.3812,0.3469,-0.008970125,0.14817573,0.10556842,0
395,0.0764,0.105,0.1576,0.2034,0.2031,0.2286,0.2433,0.2872,0.2586,0.2634,0.3169,0.273,-0.0036932048,0.17081125,0.049164064,0
396,0.0764,0.105,0.1576,0.2034,0.2031,0.2286,0.2433,0.2872,0.2586,0.2634,0.3169,0.273,-0.0036932048,0.17081125,0.049164064,0
397,0.0764,0.1038,0.1666,0.2182,0.2531,0.267,0.283,0.2968,0.2918,0.2634,0.3828,0.352,-0.010181834,0.15262134,0.12654506,0
398,0.0764,0.113,0.1708,0.2344,0.2531,0.267,0.283,0.3118,0.2918,0.2634,0.3828,0.352,-0.011247704,0.14170633,0.102217115,0
399,0.0764,0.115,0.168,0.2206,0.2223,0.2404,0.2501,0.2966,0.27,0.2634,0.3471,0.312,-8.921063E-4,0.14694512,0.078452654,0
400,0.0764,0.0944,0.1288,0.1572,0.2223,0.2404,0.2501,0.2322,0.27,0.2634,0.3471,0.312,0.019165784,0.19260402,0.19834282,0
401,0.0764,0.1074,0.1598,0.2076,0.2531,0.267,0.283,0.2874,0.2918,0.2634,0.3828,0.352,-0.001841824,0.16121215,0.14234558,0
402,0.0764,0.113,0.17,0.2328,0.2531,0.267,0.283,0.314,0.2918,0.2634,0.3828,0.352,-0.0125094075,0.14850037,0.09873708,0
403,0.0764,0.118,0.1734,0.2186,0.2223,0.2404,0.2501,0.3056,0.27,0.2634,0.3471,0.312,-0.0035959922,0.16596715,0.06358205,0
404,0.0764,0.0966,0.138,0.1692,0.2223,0.2404,0.2501,0.2498,0.27,0.2634,0.3471,0.312,0.010874425,0.19236276,0.16300887,0
405,0.0764,0.1048,0.1554,0.1972,0.2352,0.2626,0.2717,0.2807,0.2882,0.2634,0.368,0.3389,-1.292883E-4,0.17472275,0.13457686,0
406,0.0764,0.1064,0.1688,0.2264,0.2352,0.2626,0.2717,0.3112,0.2882,0.2634,0.368,0.3389,-0.016310317,0.15773807,0.08362781,0
407,0.0764,0.1096,0.1678,0.2216,0.2396,0.2577,0.2723,0.3,0.2825,0.2634,0.3708,0.3326,-0.007265687,0.15030678,0.10554558,0
408,0.0764,0.1064,0.1488,0.188,0.2396,0.2577,0.2723,0.2634,0.2825,0.2634,0.3708,0.3326,0.011102985,0.16703588,0.16934721,0
409,0.0764,0.11,0.1698,0.223,0.2352,0.2626,0.2717,0.3083,0.2882,0.2634,0.368,0.3389,-0.011698044,0.16054957,0.08827446,0
410,0.0764,0.1134,0.1696,0.2264,0.2396,0.2577,0.2723,0.3028,0.2825,0.2634,0.3708,0.3326,-0.005758522,0.14436886,0.10095011,0
411,0.0764,0.1064,0.1544,0.1964,0.2396,0.2577,0.2723,0.2812,0.2825,0.2634,0.3708,0.3326,8.946832E-4,0.17755441,0.1374233,0
412,0.0718,0.107,0.1644,0.2128,0.2049,0.2344,0.2502,0.2874,0.261,0.2438,0.324,0.2886,-0.0021695036,0.14914036,0.0598626,0
413,0.0718,0.113,0.1664,0.222,0.2461,0.262,0.2776,0.3088,0.2892,0.2438,0.3712,0.3392,-0.009527208,0.16352676,0.09176468,0
414,0.0718,0.1044,0.1576,0.2092,0.2461,0.262,0.2776,0.2856,0.2892,0.2438,0.3712,0.3392,-0.0032671227,0.15440585,0.13032885,0
415,0.0718,0.1064,0.1636,0.2182,0.2461,0.262,0.2776,0.3007,0.2892,0.2438,0.3712,0.3392,-0.010288577,0.15899019,0.10492631,0
416,0.0718,0.1038,0.158,0.2148,0.2461,0.262,0.2776,0.2889,0.2892,0.2438,0.3712,0.3392,-0.005651184,0.14711136,0.12467809,0
417,0.0718,0.1042,0.1614,0.213,0.2377,0.2552,0.2644,0.2883,0.2809,0.2438,0.3598,0.3266,-0.004979416,0.15020947,0.11032248,0
418,0.0718,0.1032,0.155,0.2082,0.2377,0.2552,0.2644,0.2883,0.2809,0.2438,0.3598,0.3266,-0.0057986113,0.16132933,0.11032248,0
419,0.0718,0.1032,0.1562,0.2046,0.2377,0.2552,0.2644,0.2809,0.2809,0.2438,0.3598,0.3266,-0.001554708,0.15715756,0.12314657,0
420,0.0718,0.105,0.1528,0.209,0.2377,0.2552,0.2644,0.286,0.2809,0.2438,0.3598,0.3266,-0.0030050103,0.15555556,0.114276856,0
421,0.0718,0.1024,0.1544,0.207,0.2173,0.2326,0.2483,0.2902,0.2596,0.2438,0.3352,0.3108,-0.0075436193,0.16733707,0.071953975,0
422,0.0718,0.1024,0.1548,0.2076,0.2173,0.2326,0.2483,0.2865,0.2596,0.2438,0.3352,0.3108,-0.005421676,0.15968429,0.07833361,0
423,0.0645,0.0913,0.1278,0.1582,0.1931,0.217,0.2324,0.2304,0.2417,0.2124,0.3001,0.273,0.017658565,0.18579517,0.13138549,0
424,0.0645,0.1056,0.1548,0.2044,0.1931,0.217,0.2324,0.2792,0.2417,0.2124,0.3001,0.273,0.0013863266,0.15467325,0.036078047,0
425,0.0694,0.0841,0.1088,0.113,0.1354,0.161,0.1712,0.1803,0.1789,0.1821,0.2156,0.198,0.040492672,0.2294579,0.08916394,0
426,0.0694,0.0865,0.106,0.1148,0.1354,0.161,0.1712,0.1817,0.1789,0.1821,0.2156,0.198,0.041655842,0.2256324,0.085325934,0
427,0.0694,0.0861,0.1076,0.116,0.1308,0.1474,0.1584,0.1717,0.1682,0.1821,0.2024,0.1872,0.04706317,0.19360447,0.082063615,0
428,0.0694,0.0873,0.1064,0.1122,0.1308,0.1474,0.1584,0.1655,0.1682,0.1821,0.2024,0.1872,0.051601913,0.19193375,0.10029899,0
429,0.0694,0.0856,0.1078,0.1168,0.1354,0.161,0.1712,0.1814,0.1789,0.1821,0.2156,0.198,0.041090623,0.21663313,0.08614609,0
430,0.0694,0.0888,0.1072,0.119,0.1354,0.161,0.1712,0.1725,0.1789,0.1821,0.2156,0.198,0.048816208,0.18353343,0.111053854,0
431,0.0694,0.0865,0.1058,0.1186,0.1308,0.1474,0.1584,0.1646,0.1682,0.1821,0.2024,0.1872,0.0514627,0.16242936,0.10299727,0
432,0.0694,0.0865,0.1078,0.118,0.1308,0.1474,0.1584,0.1642,0.1682,0.1821,0.2024,0.1872,0.051692102,0.16371365,0.10420078,0
433,0.0694,0.0836,0.1032,0.1154,0.1196,0.1465,0.1552,0.1685,0.1711,0.1821,0.1747,0.1437,0.046850365,0.1870377,0.01806527,0
434,0.0694,0.0836,0.1032,0.1154,0.1196,0.1465,0.1552,0.1685,0.1711,0.1821,0.1747,0.1437,0.046850365,0.1870377,0.01806527,0
435,0.0741,0.0894,0.1118,0.1246,0.1406,0.1544,0.1633,0.1679,0.1743,0.1815,0.2179,0.2028,0.05194583,0.14803417,0.12960082,0
436,0.0741,0.0892,0.1078,0.1232,0.137,0.1464,0.1555,0.1676,0.1658,0.1815,0.2148,0.2062,0.051954035,0.15268227,0.123430945,0
437,0.0741,0.0904,0.1088,0.1202,0.137,0.1464,0.1555,0.162,0.1658,0.1815,0.2148,0.2062,0.05614868,0.1481219,0.14012739,0
438,0.0741,0.0861,0.1088,0.118,0.1321,0.1476,0.1568,0.1579,0.1655,0.1815,0.2091,0.1881,0.054977465,0.14461763,0.1395095,0
439,0.0741,0.0861,0.1088,0.118,0.1321,0.1476,0.1568,0.1579,0.1655,0.1815,0.2091,0.1881,0.054977465,0.14461763,0.1395095,0
440,0.0741,0.0894,0.1096,0.124,0.137,0.1464,0.1555,0.1669,0.1658,0.1815,0.2148,0.2062,0.052519333,0.14747335,0.12549125,0
441,0.0741,0.0885,0.1084,0.1222,0.137,0.1464,0.1555,0.1647,0.1658,0.1815,0.2148,0.2062,0.05304375,0.14813526,0.13201581,0
442,0.0741,0.0861,0.107,0.1162,0.1321,0.1476,0.1568,0.1614,0.1655,0.1815,0.2091,0.1881,0.052970216,0.16282423,0.1287449,0
443,0.0741,0.0861,0.107,0.1162,0.1321,0.1476,0.1568,0.1614,0.1655,0.1815,0.2091,0.1881,0.052970216,0.16282423,0.1287449,0
444,0.0741,0.088,0.1048,0.1146,0.1321,0.1476,0.1568,0.1575,0.1655,0.1815,0.2091,0.1881,0.05676335,0.15766262,0.14075285,0
445,0.0741,0.086,0.108,0.1188,0.1349,0.1441,0.152,0.1628,0.1599,0.1815,0.2129,0.2041,0.052085403,0.15625,0.13335107,0
446,0.0741,0.0883,0.1062,0.1196,0.1334,0.1524,0.1604,0.1636,0.1703,0.1815,0.2249,0.2044,0.05351076,0.15536724,0.15778638,0
447,0.0741,0.0883,0.1062,0.1196,0.1334,0.1524,0.1604,0.1636,0.1703,0.1815,0.2249,0.2044,0.05351076,0.15536724,0.15778638,0
448,0.0741,0.0874,0.1044,0.1186,0.1334,0.1524,0.1604,0.167,0.1703,0.1815,0.2249,0.2044,0.05082358,0.16946776,0.1477418,0
449,0.0662,0.0826,0.1062,0.1212,0.1502,0.1716,0.1882,0.199,0.2084,0.181,0.2403,0.1895,0.028539417,0.24297313,0.0940132,0
450,0.0741,0.0877,0.1074,0.1212,0.1334,0.1524,0.1604,0.1631,0.1703,0.1815,0.2249,0.2044,0.05330599,0.14737953,0.15927835,0
451,0.0741,0.086,0.1082,0.1244,0.1334,0.1524,0.1604,0.1853,0.1703,0.1815,0.2249,0.2044,0.039181657,0.1966419,0.09653831,0
452,0.0741,0.086,0.1082,0.1244,0.1334,0.1524,0.1604,0.1853,0.1703,0.1815,0.2249,0.2044,0.039181657,0.1966419,0.09653831,0
